0.0,27,64,0
0.0,27,64,0
2.0,27,64,0
0.0,27,64,0
1.4,27,64,0
0.0,27,63,0
0.0,27,63,0
1.7,27,63,0
0.0,27,65,0
0.0,27,65,27
1.7,27,64,0
6.4,27,66,100
6.4,27,66,100
6.4,27,65,100
6.4,27,65,100
6.4,27,65,100
6.4,27,65,100
6.4,27,67,100
0.0,27,70,100
0.0,27,71,100
0.0,27,69,100
0.0,27,69,100
0.0,27,68,100
0.0,27,67,100
6.4,27,66,100
6.4,27,66,100
6.4,27,65,100
6.4,27,65,100
6.4,27,64,100
6.4,27,64,100
6.4,27,64,100
6.4,27,64,100
6.4,27,64,100
6.4,27,63,100
6.4,27,64,100
6.4,27,65,100
6.4,27,65,100
6.4,27,65,100
6.4,27,65,100
6.4,27,65,100
6.4,27,65,100
6.4,27,65,100
6.4,27,65,100
6.4,27,65,100
6.4,27,65,100
6.4,27,66,100
6.4,27,66,100
6.4,27,65,100
6.4,27,65,100
6.4,27,65,100
0.0,27,65,100
0.0,27,66,100
0.0,27,66,100
0.0,27,65,0
0.0,27,66,0
0.0,27,66,0
0.0,27,65,0
0.0,27,65,0
0.0,27,65,0
0.0,27,65,0
0.0,27,65,100
0.0,27,65,100
0.0,27,65,100
0.0,27,65,100
0.0,27,65,100
0.0,27,65,100
0.0,27,65,100
0.0,27,65,100
0.0,27,65,100
0.0,27,65,100
0.0,27,65,100
0.0,27,65,100
0.0,27,65,100
0.0,27,65,100
0.0,27,65,100
0.0,27,65,100
0.0,27,65,100
0.0,27,65,100
0.0,27,65,100
0.0,27,65,100
0.0,26,65,100
0.0,26,64,100
0.0,27,63,100
0.0,27,62,100
0.0,27,62,100
0.0,27,62,100
0.0,27,63,100
0.0,27,63,100
0.0,27,63,100
0.0,27,62,100
0.0,27,62,100
0.0,27,62,100
0.0,27,62,100
0.0,27,62,100
0.0,27,62,100
0.0,27,62,100
0.0,27,62,100
0.0,27,62,100
0.0,27,62,100
0.0,27,62,100
0.0,27,62,100
0.0,27,61,100
0.0,27,62,100
0.0,27,61,100
0.0,27,62,100
0.0,27,61,100
0.0,27,61,100
0.0,27,61,100
0.0,27,61,100
0.0,27,61,100
0.0,27,61,100
0.0,27,61,100
0.0,27,61,100
0.0,27,61,100
0.0,27,61,100
0.0,27,61,100
0.0,27,61,100
0.0,27,61,100
0.0,27,61,100
0.0,27,61,100
0.0,27,64,100
0.0,27,64,100
0.0,26,64,100
0.0,26,63,100
0.0,26,63,100
0.0,26,63,100
0.0,27,63,100
0.0,27,63,100
0.0,27,63,100
0.0,27,63,100
0.0,27,63,100
0.0,27,63,100
0.0,27,63,100
0.0,27,63,100
0.0,27,63,100
0.0,27,63,100
0.0,27,63,100
0.0,27,63,100
0.0,27,63,100
0.0,27,63,100
0.0,27,63,100
0.0,27,63,100
0.0,27,63,100
0.0,27,63,100
0.0,27,63,100
0.0,27,63,100
0.0,27,63,100
0.0,27,63,100
0.0,27,63,100
0.0,27,63,100
0.0,27,64,100
0.0,27,64,100
0.0,27,64,100
0.0,27,64,100
0.0,27,64,100
0.0,27,64,100
0.0,27,64,100
0.0,27,64,100
0.0,27,64,100
0.0,27,64,100
0.0,27,64,100
0.0,27,64,100
0.0,27,64,100
0.0,27,64,100
0.0,27,64,100
0.0,27,64,100
0.0,27,64,100
0.0,27,64,100
0.0,27,64,100
0.0,27,64,100
0.0,27,64,100
0.0,27,64,100
0.0,27,64,100
0.0,27,64,100
0.0,27,64,100
0.0,27,64,100
0.0,27,64,100
0.0,27,64,0
0.0,27,64,0
0.0,27,64,0
0.0,27,64,0
0.0,27,64,0
6.4,27,64,0
6.4,27,64,0
6.4,27,64,0
6.4,27,64,0
6.4,27,64,0
6.4,27,64,100
6.4,27,64,100
6.4,27,64,100
6.4,27,63,100
6.4,27,63,100
6.4,27,63,100
6.4,27,63,100
6.4,27,63,100
6.4,27,63,100
6.4,27,63,100
6.4,27,63,100
6.4,26,64,100
6.4,26,64,100
6.4,27,64,100
6.4,27,64,0
6.4,27,64,0
6.4,27,64,0
6.4,27,64,0
6.4,27,64,0
6.4,27,64,0
6.4,27,64,0
6.4,27,64,0
6.4,27,64,0
6.4,27,64,100
6.4,27,64,100
6.4,27,64,100
6.4,27,64,100
6.4,26,64,100
6.4,27,64,100
6.4,27,64,100
6.4,27,64,100
6.4,27,64,100
6.4,27,64,100
6.4,27,64,100
6.4,27,64,100
6.4,27,64,100
6.4,26,64,100
6.4,26,64,100
6.4,27,64,100
6.4,27,64,100
6.4,26,64,100
6.4,27,64,100
6.4,27,64,100
6.4,27,64,100
6.4,27,64,100
6.4,27,64,100
6.4,27,64,100
6.4,27,64,100
6.4,27,64,100
6.4,27,64,100
6.4,27,64,100
6.4,27,64,100
6.4,27,64,100
6.4,27,64,100
6.4,27,64,100
6.4,27,64,100
6.4,27,64,100
6.4,27,64,100
6.4,27,64,100
6.4,27,64,100
6.4,27,64,100
6.4,27,64,100
6.4,27,64,100
6.4,27,64,100
6.4,27,64,100
6.4,27,64,100
6.4,27,64,100
6.4,27,64,100
6.4,27,64,100
6.4,27,64,100
6.4,27,64,100
6.4,27,64,100
6.4,27,64,100
6.4,27,64,100
6.4,27,64,100
6.4,27,64,100
6.4,27,64,100
6.4,27,64,100
6.4,27,64,100
6.4,27,64,100
6.4,27,64,100
6.4,27,64,100
6.4,27,64,100
6.4,27,64,100
6.4,27,64,100
6.4,27,64,100
6.4,27,64,100
6.4,27,64,100
6.4,27,63,100
6.4,27,63,0
6.4,27,63,0
6.4,27,63,0
6.4,27,63,0
6.4,27,63,0
6.4,27,63,0
6.4,27,63,0
6.4,27,65,0
6.4,27,67,0
6.4,27,65,0
6.4,27,65,0
6.4,27,64,0
6.4,27,64,0
6.4,27,64,0
6.4,27,63,0
6.4,27,63,0
6.4,27,63,0
6.4,27,66,100
6.4,27,68,100
6.4,27,66,100
6.4,27,65,100
6.4,27,66,100
6.4,27,63,100
6.4,27,63,100
6.4,27,63,100
6.4,27,65,0
6.4,27,66,0
6.4,27,66,0
6.4,27,66,100
6.4,27,66,100
6.4,27,65,100
6.4,27,65,100
6.4,27,64,100
6.4,27,64,100
6.4,27,63,100
6.4,27,63,100
6.4,27,63,100
6.4,27,63,100
6.4,27,63,100
6.4,27,63,100
6.4,27,63,100
6.4,27,64,100
6.4,27,64,100
6.4,27,65,100
6.4,27,65,100
6.4,27,65,100
6.4,27,65,100
6.4,27,66,100
6.4,27,66,100
6.4,27,65,100
6.4,27,65,0
6.4,27,64,0
6.4,27,64,0
6.4,27,64,0
6.4,28,65,0
6.4,28,65,100
6.4,28,65,100
6.4,28,65,100
6.4,28,65,100
6.4,28,64,100
6.4,28,64,100
6.4,28,64,100
6.4,28,64,100
6.4,28,63,100
6.4,28,63,100
6.4,28,63,100
6.4,28,63,100
6.4,28,63,100
6.4,28,63,100
6.4,28,63,100
6.4,28,63,100
6.4,27,62,100
6.4,27,62,100
6.4,27,63,100
6.4,27,63,100
6.4,27,62,100
6.4,27,62,100
6.4,27,62,100
6.4,27,62,100
6.4,27,62,100
6.4,27,62,100
6.4,27,63,100
6.4,28,64,0
6.4,28,63,0
6.4,28,63,0
6.4,28,63,0
6.4,28,63,34
6.4,28,63,9
6.4,28,63,100
6.4,28,63,100
6.4,28,63,15
6.4,28,63,0
6.4,28,63,0
6.4,28,63,0
6.4,28,63,0
6.4,28,63,0
6.4,27,62,27
6.4,27,62,33
6.4,27,62,38
6.4,27,62,51
6.4,27,62,54
6.4,27,62,18
6.4,27,62,36
6.4,28,63,0
6.4,28,63,61
6.4,28,63,54
6.4,28,63,60
6.4,27,62,0
6.4,27,62,100
6.4,27,62,100
6.4,27,62,9
6.4,27,62,5
6.4,27,62,4
6.4,27,62,2
6.4,27,62,0
6.4,27,63,16
6.4,27,63,100
6.4,27,63,100
6.4,27,63,0
6.4,27,63,0
6.4,27,63,0
6.4,27,63,100
6.4,27,63,100
6.4,27,63,100
6.4,27,63,100
6.4,27,63,100
6.4,27,63,100
6.4,27,63,100
6.4,27,63,100
6.4,27,63,100
6.4,27,63,100
6.4,27,63,100
6.4,27,63,100
6.4,27,63,100
6.4,27,63,100
6.4,27,63,0
6.4,27,63,0
6.4,27,63,0
6.4,27,63,0
6.4,27,63,0
6.4,27,63,5
6.4,27,63,8
6.4,27,63,24
6.4,27,63,0
6.4,27,63,35
6.4,27,63,48
6.4,27,63,22
6.4,27,63,1
6.4,27,63,0
6.4,27,63,0
6.4,27,63,0
6.4,27,63,0
6.4,27,63,0
6.4,27,63,0
6.4,27,63,0
6.4,27,63,0
6.4,27,63,0
6.4,27,63,0
6.4,27,63,0
6.4,27,63,0
6.4,27,63,0
6.4,27,63,0
6.4,27,63,0
6.4,27,63,0
6.4,27,63,0
6.4,27,63,0
6.4,27,63,0
6.4,27,63,0
6.4,27,63,0
6.4,27,63,0
6.4,27,63,1
6.4,27,63,0
6.4,27,63,0
6.4,27,63,0
6.4,27,63,0
6.4,27,63,0
6.4,27,63,0
6.4,27,63,0
6.4,27,63,0
6.4,27,63,0
6.4,27,63,0
6.4,27,63,0
6.4,27,63,0
6.4,27,63,0
6.4,27,63,0
6.4,27,63,0
6.4,27,63,0
6.4,27,63,3
6.4,27,63,0
6.4,27,63,0
6.4,27,63,0
6.4,27,63,0
6.4,27,63,0
6.4,27,63,0
6.4,27,63,0
6.4,27,63,0
6.4,27,64,0
6.4,27,63,0
6.4,27,63,0
6.4,27,63,0
6.4,27,63,0
6.4,27,63,0
6.4,27,63,0
6.4,27,63,0
6.4,27,63,0
6.4,27,63,0
6.4,27,63,0
6.4,27,63,0
6.4,27,63,0
6.4,27,63,0
6.4,27,63,0
6.4,27,64,0
6.4,27,64,0
6.4,27,64,0
6.4,27,64,0
6.4,27,64,0
6.4,27,64,0
6.4,27,63,0
6.4,27,63,0
6.4,27,63,0
6.4,27,63,0
6.4,27,63,0
6.4,27,63,0
6.4,27,63,0
6.4,27,63,0
6.4,27,63,0
6.4,27,63,0
6.4,27,63,0
6.4,27,63,1
6.4,27,63,0
6.4,27,63,0
6.4,27,63,0
6.4,27,63,0
6.4,27,63,0
6.4,27,63,0
6.4,27,63,0
6.4,27,64,0
6.4,27,64,0
6.4,27,64,0
6.4,27,64,0
6.4,27,63,0
6.4,27,63,0
6.4,27,63,0
6.4,27,63,0
6.4,27,63,0
6.4,27,64,0
6.4,27,64,0
6.4,27,63,0
6.4,27,63,0
6.4,27,63,0
6.4,27,63,0
6.4,27,63,0
6.4,27,63,0
6.4,27,64,0
6.4,27,64,0
6.4,27,63,0
6.4,27,64,0
6.4,27,63,0
6.4,27,63,0
6.4,27,63,0
6.4,27,63,0
6.4,27,63,0
6.4,27,63,0
6.4,27,63,0
6.4,27,63,0
6.4,27,63,0
6.4,27,63,0
6.4,27,63,0
6.4,27,63,0
6.4,27,63,0
6.4,27,63,0
6.4,27,63,0
6.4,27,63,0
6.4,27,63,0
6.4,27,63,0
6.4,27,63,0
6.4,27,63,0
6.4,27,63,0
6.4,27,63,0
6.4,27,63,0
6.4,27,63,0
6.4,27,63,0
6.4,27,63,0
6.4,27,63,0
6.4,27,63,0
6.4,27,63,0
6.4,27,63,0
6.4,27,63,0
6.4,27,63,0
6.4,27,63,0
6.4,27,63,0
6.4,27,63,0
6.4,27,63,0
6.4,27,63,0
6.4,27,64,0
6.4,27,63,0
6.4,27,64,0
6.4,27,63,0
6.4,27,64,0
6.4,27,64,0
6.4,27,64,0
6.4,27,64,0
6.4,27,64,0
6.4,27,64,0
6.4,27,64,0
6.4,27,64,0
6.4,27,64,0
6.4,27,64,0
6.4,27,64,0
6.4,27,64,0
6.4,27,64,0
6.4,27,64,0
6.4,27,64,0
6.4,27,64,0
6.4,27,64,0
6.4,27,63,0
6.4,27,64,0
6.4,27,64,0
6.4,27,63,0
6.4,27,64,0
6.4,27,63,0
6.4,27,64,0
6.4,27,63,0
6.4,27,64,0
6.4,27,63,0
6.4,27,64,0
6.4,27,64,0
6.4,27,63,0
6.4,27,64,0
6.4,27,63,0
6.4,27,63,0
6.4,27,64,0
6.4,27,64,0
6.4,27,64,0
6.4,27,64,0
6.4,27,64,0
6.4,27,64,0
6.4,27,64,0
6.4,27,64,0
6.4,27,64,0
6.4,27,63,0
6.4,27,64,0
6.4,27,63,0
6.4,27,63,0
6.4,27,63,0
6.4,27,63,0
6.4,27,63,0
6.4,27,63,0
6.4,27,63,0
6.4,27,63,0
6.4,27,63,0
6.4,27,64,0
6.4,27,64,0
6.4,27,64,0
6.4,27,64,0
6.4,27,64,0
6.4,27,63,0
6.4,27,64,0
6.4,27,63,0
6.4,27,63,0
6.4,27,63,0
6.4,27,63,0
6.4,27,63,0
6.4,27,63,0
6.4,27,63,0
6.4,27,63,0
6.4,27,63,0
6.4,27,63,0
6.4,27,63,0
6.4,27,64,0
6.4,27,63,0
6.4,27,63,0
6.4,27,63,0
6.4,27,63,0
6.4,27,63,0
6.4,27,63,0
6.4,27,63,0
6.4,27,64,0
6.4,27,63,0
6.4,27,63,0
6.4,27,63,0
6.4,27,63,0
6.4,27,63,0
6.4,27,63,0
6.4,27,63,0
6.4,27,63,0
6.4,27,63,0
6.4,27,63,0
6.4,27,63,0
6.4,27,63,0
6.4,27,63,0
6.4,27,63,0
6.4,27,63,0
6.4,27,63,0
6.4,27,63,0
6.4,27,63,0
6.4,27,63,0
6.4,27,63,0
6.4,27,64,0
6.4,27,64,0
6.4,27,64,0
6.4,27,64,0
6.4,27,63,0
6.4,27,63,0
6.4,27,63,0
6.4,27,63,0
6.4,27,63,0
6.4,27,64,0
6.4,27,64,0
6.4,27,64,0
6.4,27,64,0
6.4,27,64,0
6.4,27,63,0
6.4,27,63,0
6.4,27,63,37
6.4,27,63,0
6.4,27,63,0
6.4,27,63,0
6.4,27,63,0
6.4,27,64,0
6.4,27,64,0
6.4,27,64,100
6.4,27,64,100
6.4,27,63,100
6.4,27,63,100
6.4,27,63,100
6.4,27,63,100
6.4,27,63,100
6.4,27,63,100
6.4,27,63,100
6.4,27,63,100
6.4,27,63,100
6.4,27,63,100
6.4,27,64,100
6.4,27,72,100
6.4,28,78,100
6.4,28,82,100
6.4,28,77,100
6.4,28,72,100
6.4,28,69,100
6.4,28,68,100
6.4,28,67,100
6.4,28,71,100
6.4,28,72,100
6.4,28,73,100
6.4,28,70,100
6.4,28,68,100
6.4,28,68,100
6.4,28,68,100
6.4,28,68,100
6.4,28,68,0
6.4,28,70,0
6.4,28,70,100
6.4,28,70,0
6.4,28,70,100
6.4,28,70,100
6.4,28,68,100
6.4,28,67,100
6.4,28,66,100
6.4,28,65,100
6.4,28,65,100
6.4,28,64,100
6.4,28,64,100
6.4,28,64,100
6.4,28,63,100
6.4,28,63,100
6.4,28,63,100
6.4,28,63,100
6.4,28,63,100
6.4,28,63,100
6.4,28,63,100
6.4,28,63,100
6.4,28,63,100
6.4,28,63,100
6.4,28,63,100
6.4,28,63,100
6.4,28,63,100
6.4,28,63,100
6.4,28,63,100
6.4,28,63,100
6.4,28,63,100
6.4,28,63,100
6.4,28,63,100
6.4,28,63,100
6.4,28,63,100
6.4,28,63,100
6.4,28,63,100
6.4,28,63,100
6.4,28,63,0
6.4,28,63,0
6.4,28,63,0
6.4,28,63,0
6.4,28,63,0
6.4,28,63,0
6.4,28,63,0
6.4,28,63,0
6.4,28,63,0
6.4,28,63,0
6.4,28,64,0
6.4,28,64,0
6.4,28,64,0
6.4,28,64,0
6.4,28,64,0
6.4,28,64,0
6.4,28,63,0
6.4,28,63,0
6.4,28,63,0
6.4,28,63,0
6.4,28,63,0
6.4,28,63,0
6.4,27,62,0
6.4,27,62,0
6.4,28,63,0
6.4,27,62,0
6.4,27,62,0
6.4,28,63,0
6.4,28,63,0
6.4,28,63,0
6.4,28,63,0
6.4,27,62,0
6.4,28,63,0
6.4,27,62,0
6.4,28,63,0
6.4,27,62,0
6.4,27,62,0
6.4,27,63,0
6.4,27,63,0
6.4,27,62,0
6.4,27,63,0
6.4,27,63,0
6.4,27,62,0
6.4,27,63,0
6.4,28,64,0
6.4,27,63,0
6.4,27,63,0
6.4,27,63,0
6.4,27,63,0
6.4,27,63,0
6.4,27,63,0
6.4,27,63,0
6.4,27,63,0
6.4,27,63,0
6.4,27,63,100
6.4,27,63,100
6.4,27,63,100
6.4,27,63,100
6.4,27,63,100
6.4,27,63,100
6.4,27,63,100
6.4,27,63,100
6.4,27,63,100
6.4,27,63,100
6.4,27,63,100
6.4,27,63,100
6.4,27,63,100
6.4,27,63,100
6.4,27,63,100
6.4,27,63,100
6.4,27,63,100
6.4,27,63,100
6.4,27,63,100
6.4,27,63,100
6.4,27,63,100
6.4,27,63,100
6.4,27,63,100
6.4,27,63,100
6.4,27,63,100
6.4,27,63,100
6.4,27,63,100
6.4,27,63,100
6.4,27,63,100
6.4,27,63,100
6.4,27,63,100
6.4,27,63,100
6.4,27,63,100
6.4,27,63,100
6.4,27,63,100
6.4,27,63,100
6.4,27,63,100
6.4,27,63,100
6.4,27,63,100
6.4,27,63,100
6.4,27,63,100
6.4,27,63,100
6.4,27,63,100
6.4,27,63,100
6.4,27,63,100
6.4,27,63,100
6.4,27,63,100
6.4,27,63,100
6.4,27,63,100
6.4,27,63,100
6.4,27,63,100
6.4,27,63,100
6.4,27,63,100
6.4,27,63,100
6.4,27,63,100
6.4,27,63,100
6.4,27,63,100
6.4,27,63,100
6.4,27,63,100
6.4,27,63,100
6.4,27,63,100
6.4,27,63,100
6.4,27,63,100
6.4,27,63,100
6.4,27,63,100
6.4,27,63,100
6.4,27,63,100
6.4,27,63,100
6.4,27,63,100
6.4,27,63,100
6.4,27,63,100
6.4,27,63,100
6.4,27,63,100
6.4,27,63,100
6.4,27,63,100
6.4,27,63,100
6.4,27,63,100
6.4,27,63,100
6.4,27,63,100
6.4,27,63,100
6.4,27,63,100
6.4,27,63,100
6.4,27,63,100
6.4,27,63,100
6.4,27,63,100
6.4,27,63,100
6.4,27,63,100
6.4,27,63,100
6.4,27,63,100
6.4,27,63,100
6.4,27,63,100
6.4,27,63,100
6.4,27,63,100
6.4,27,63,100
6.4,27,63,100
6.4,27,63,100
6.4,27,63,100
6.4,27,63,100
6.4,27,63,100
6.4,27,63,0
6.4,27,63,0
6.4,27,63,0
6.4,27,63,0
6.4,27,63,0
6.4,27,63,0
6.4,27,63,0
6.4,27,63,0
6.4,27,63,0
6.4,27,63,0
6.4,27,63,0
6.4,27,63,0
6.4,27,63,0
6.4,27,63,0
6.4,27,63,0
6.4,27,63,0
6.4,27,63,0
6.4,27,63,0
6.4,27,63,0
6.4,27,63,0
6.4,27,63,0
6.4,27,63,0
6.4,27,64,0
6.4,27,64,0
6.4,27,64,0
6.4,27,64,0
6.4,27,63,0
6.4,27,63,2
6.4,27,63,0
6.4,27,63,0
6.4,27,63,0
6.4,27,63,0
6.4,27,63,0
6.4,27,63,0
6.4,27,63,0
6.4,27,63,0
6.4,27,63,0
6.4,27,63,0
6.4,27,63,0
6.4,27,63,0
6.4,27,63,0
6.4,27,63,0
6.4,27,63,0
6.4,27,63,0
6.4,27,63,0
6.4,27,63,0
6.4,27,63,0
6.4,27,63,0
6.4,27,63,0
6.4,27,63,0
6.4,27,63,100
6.4,27,63,100
6.4,27,63,100
6.4,27,63,100
6.4,27,63,100
6.4,27,63,100
6.4,27,63,100
6.4,27,63,100
6.4,27,63,100
6.4,27,63,100
6.4,27,63,100
6.4,27,63,100
6.4,27,63,100
6.4,27,63,100
6.4,27,63,100
6.4,27,63,100
6.4,27,63,100
6.4,27,63,100
6.4,27,63,100
6.4,27,62,0
6.4,27,63,100
6.4,27,62,100
6.4,27,63,100
6.4,26,62,100
6.4,26,62,100
6.4,26,62,100
6.4,26,62,100
6.4,26,62,100
6.4,26,62,100
6.4,26,62,100
6.4,26,62,100
6.4,26,62,100
6.4,26,62,100
6.4,26,62,100
6.4,26,62,100
6.4,26,62,100
6.4,26,62,100
6.4,26,63,100
6.4,26,63,0
6.4,26,63,0
6.4,26,62,100
6.4,26,63,100
6.4,26,63,100
6.4,26,63,100
6.4,26,62,100
6.4,26,63,100
6.4,26,62,100
6.4,26,62,100
6.4,26,62,100
6.4,26,63,100
6.4,26,63,100
6.4,26,62,100
6.4,26,62,100
6.4,26,62,100
6.4,26,62,100
6.4,26,62,100
6.4,26,62,100
6.4,26,62,100
6.4,26,62,100
6.4,26,62,100
6.4,26,64,100
6.4,26,70,100
6.4,26,69,100
6.4,26,68,100
6.4,26,66,100
6.4,26,65,100
6.4,26,64,100
6.4,26,63,100
6.4,26,63,100
6.4,26,62,100
6.4,26,62,100
6.4,26,62,100
6.4,26,62,100
6.4,26,62,100
6.4,26,62,100
6.4,26,62,100
6.4,26,62,100
6.4,26,62,100
6.4,26,62,100
6.4,26,62,100
6.4,26,62,100
6.4,26,62,100
6.4,26,62,100
6.4,26,62,100
6.4,26,62,100
6.4,26,62,100
6.4,26,62,100
6.4,26,62,100
6.4,26,62,100
6.4,26,62,100
6.4,26,62,100
6.4,26,62,100
6.4,26,62,100
6.4,26,62,100
6.4,26,62,100
6.4,26,62,100
6.4,26,62,100
6.4,26,62,100
6.4,26,62,100
6.4,26,62,100
6.4,26,62,100
6.4,26,62,100
6.4,26,62,100
6.4,26,62,100
6.4,26,62,100
6.4,26,62,100
6.4,26,62,100
6.4,26,62,100
6.4,26,62,100
6.4,26,62,100
6.4,26,62,100
6.4,26,62,100
6.4,26,62,100
6.4,26,62,100
6.4,26,62,100
6.4,26,62,100
6.4,26,62,100
6.4,26,62,100
6.4,26,62,100
6.4,26,62,100
6.4,26,62,100
6.4,26,62,100
6.4,26,62,100
6.4,26,62,100
6.4,26,62,100
6.4,26,62,100
6.4,26,62,100
6.4,26,62,100
6.4,26,62,100
6.4,26,62,100
6.4,26,62,100
6.4,26,62,100
6.4,26,62,100
6.4,26,62,100
6.4,26,62,100
6.4,26,62,100
6.4,26,62,100
6.4,26,62,100
6.4,26,62,100
6.4,26,62,100
6.4,26,62,100
6.4,26,62,100
6.4,26,62,100
6.4,26,62,100
6.4,26,62,100
6.4,26,62,100
6.4,26,64,100
6.4,26,66,100
6.4,26,66,100
6.4,26,66,100
6.4,26,67,100
6.4,26,66,100
6.4,26,65,100
6.4,26,64,100
6.4,26,63,100
6.4,26,63,100
6.4,26,63,100
6.4,26,62,100
6.4,26,62,100
6.4,26,62,100
6.4,26,62,100
6.4,26,62,100
6.4,26,62,100
6.4,26,62,100
6.4,26,63,100
6.4,26,63,100
6.4,26,63,0
6.4,26,63,100
6.4,26,63,100
6.4,26,63,100
6.4,26,62,100
6.4,26,62,100
6.4,26,62,100
6.4,26,62,100
6.4,26,62,100
6.4,26,62,0
6.4,26,62,0
6.4,26,62,0
6.4,26,62,0
6.4,26,62,0
6.4,26,62,100
6.4,26,62,100
6.4,26,62,100
6.4,26,62,100
6.4,26,62,100
6.4,26,61,100
6.4,26,62,0
6.4,26,62,0
6.4,26,63,100
6.4,26,62,100
6.4,26,62,100
6.4,26,63,100
6.4,26,63,100
6.4,26,62,100
6.4,26,62,100
6.4,26,62,100
6.4,26,62,100
6.4,26,62,100
6.4,26,62,100
6.4,26,61,100
6.4,26,61,100
6.4,26,61,100
6.4,26,61,100
6.4,26,61,100
6.4,26,61,100
6.4,26,61,100
6.4,26,61,100
6.4,26,61,100
6.4,26,61,100
6.4,26,61,100
6.4,26,61,100
6.4,26,61,100
6.4,26,61,100
6.4,26,61,100
6.4,26,61,100
6.4,26,61,100
6.4,26,61,100
6.4,26,61,100
6.4,26,61,100
6.4,26,61,100
6.4,26,61,100
6.4,26,61,100
6.4,26,61,100
6.4,26,61,100
6.4,26,61,100
6.4,26,61,100
6.4,26,61,100
6.4,26,61,100
6.4,26,61,100
6.4,26,61,100
6.4,26,61,100
6.4,26,61,100
6.4,26,61,100
6.4,26,61,100
6.4,26,61,100
6.4,26,61,100
6.4,26,61,100
6.4,26,61,100
6.4,26,61,100
6.4,26,61,100
6.4,26,61,100
6.4,26,61,100
6.4,26,61,100
6.4,26,61,100
6.4,26,61,100
6.4,26,61,100
6.4,26,61,100
6.4,26,61,100
6.4,26,61,100
6.4,26,61,100
6.4,26,61,100
6.4,26,61,100
6.4,27,71,100
6.4,26,73,100
6.4,26,73,100
6.4,26,73,100
6.4,26,73,100
6.4,27,73,100
6.4,27,73,100
6.4,27,73,100
6.4,27,73,100
6.4,27,73,100
6.4,27,73,100
6.4,27,73,100
6.4,27,73,0
6.4,27,73,100
6.4,27,73,100
6.4,27,73,100
6.4,26,74,100
6.4,26,74,100
6.4,26,74,100
6.4,26,74,5
6.4,26,74,6
6.4,26,74,6
6.4,26,74,100
6.4,26,74,5
6.4,26,74,100
6.4,26,74,100
6.4,26,74,100
6.4,26,74,100
6.4,26,74,100
6.4,26,74,100
6.4,26,74,100
6.4,26,74,100
6.4,26,73,100
6.4,26,73,100
6.4,26,73,100
6.4,26,73,100
6.4,26,73,100
6.4,26,73,100
6.4,26,73,100
6.4,26,73,100
6.4,26,73,100
6.4,26,73,100
6.4,26,73,100
6.4,26,73,100
6.4,26,73,100
6.4,26,73,100
6.4,26,73,100
6.4,26,73,100
6.4,26,73,100
6.4,26,73,100
6.4,26,73,100
6.4,26,73,100
6.4,26,73,100
6.4,26,73,100
6.4,26,73,100
6.4,26,73,100
6.4,26,73,100
6.4,26,73,100
6.4,26,73,100
6.4,26,73,100
6.4,26,73,100
6.4,26,73,100
6.4,26,73,100
6.4,26,73,100
6.4,26,73,100
6.4,26,73,100
6.4,26,74,100
6.4,26,74,100
6.4,26,74,100
6.4,26,74,100
6.4,26,74,100
6.4,26,74,100
6.4,26,74,100
6.4,26,73,100
6.4,26,73,100
6.4,26,74,100
6.4,26,74,100
6.4,26,74,100
6.4,26,74,100
6.4,26,74,100
6.4,26,74,100
6.4,26,74,4
6.4,26,74,6
6.4,26,74,6
6.4,26,74,100
6.4,26,74,100
6.4,26,74,100
6.4,26,74,100
6.4,26,74,100
6.4,26,74,100
6.4,26,74,100
6.4,26,74,100
6.4,26,74,100
6.4,26,74,100
6.4,26,73,100
6.4,26,74,100
6.4,26,74,100
6.4,26,74,100
6.4,26,74,100
6.4,26,74,100
6.4,26,75,100
6.4,26,77,100
6.4,26,76,100
6.4,27,79,100
6.4,27,78,100
6.4,27,77,100
6.4,27,77,100
6.4,27,77,100
6.4,27,76,100
6.4,27,74,100
6.4,27,74,100
6.4,27,74,100
6.4,27,73,100
6.4,27,73,100
6.4,27,72,100
6.4,27,71,100
6.4,27,71,100
6.4,27,71,100
6.4,27,71,100
6.4,27,71,100
6.4,27,71,100
0.0,27,71,100
0.0,27,71,100
0.0,27,71,100
0.0,27,71,100
6.4,27,71,100
6.4,27,71,100
3.4,27,71,100
6.4,27,72,100
6.4,27,72,100
6.4,27,71,100
6.4,27,71,100
6.4,27,72,100
6.4,27,72,100
0.0,27,72,7
0.0,27,72,8
0.0,27,72,15
0.0,27,72,12
0.0,27,72,14
0.0,27,72,11
6.4,27,72,100
6.2,27,72,100
5.4,27,72,100
6.4,27,72,100
6.4,27,72,100
6.4,27,72,100
6.4,27,72,100
6.4,27,72,100
6.4,27,73,100
6.4,27,73,100
6.4,27,73,100
6.4,27,73,100
6.4,27,73,100
6.4,27,73,100
6.4,27,73,100
6.4,27,73,100
6.4,27,73,100
6.4,27,73,100
6.4,27,73,100
6.4,27,73,100
6.4,26,73,100
6.4,26,73,100
6.4,26,73,100
6.4,26,73,100
6.4,26,73,100
6.4,26,73,100
6.4,26,73,100
6.4,26,73,100
6.4,26,73,100
6.4,26,74,100
6.4,26,74,100
6.4,26,74,100
6.4,26,74,100
6.4,26,74,100
6.4,26,74,100
6.4,26,74,100
0.0,26,74,5
0.0,26,74,5
0.0,26,74,5
0.0,26,74,5
0.0,26,74,6
0.0,26,74,6
0.0,26,74,4
3.4,26,74,100
3.5,26,74,100
3.4,26,74,100
3.4,26,74,100
1.4,26,74,100
2.2,26,74,100
2.0,26,74,100
2.0,26,74,100
2.3,26,74,100
2.0,26,74,100
1.6,26,74,100
2.1,26,74,100
0.0,26,74,4
0.0,26,74,4
0.0,26,74,5
6.4,26,74,100
6.4,26,74,4
6.4,26,74,5
6.4,26,74,100
6.4,26,74,100
6.4,26,74,100
6.4,26,74,100
6.4,27,77,100
6.4,27,89,100
6.4,27,77,100
6.4,27,76,100
6.4,27,75,100
6.4,27,74,100
6.4,27,74,100
6.4,27,73,100
6.4,27,73,100
6.4,27,73,100
6.4,27,73,100
6.4,27,73,100
6.4,27,73,100
6.4,27,73,100
6.4,27,73,100
6.4,27,73,100
6.4,27,73,100
6.4,27,74,100
6.4,27,74,100
6.4,27,74,100
6.4,27,74,100
6.4,27,74,100
6.4,27,74,100
6.4,27,74,100
6.4,27,74,100
6.4,27,74,100
6.4,27,74,100
6.4,27,74,100
6.4,27,74,100
6.4,27,74,100
6.4,27,74,100
6.4,26,74,100
6.4,26,74,100
6.4,26,74,100
6.4,26,74,100
6.4,26,74,100
6.4,26,75,100
6.4,26,74,100
6.4,26,74,100
6.4,26,75,100
6.4,26,74,100
6.4,26,75,100
6.4,26,74,100
6.4,26,75,100
6.4,26,74,100
6.4,26,75,100
6.4,26,75,100
6.4,26,75,100
6.4,26,75,100
6.4,26,75,100
6.4,26,75,100
6.4,26,75,100
6.4,26,75,100
6.4,26,75,100
6.4,26,75,100
6.4,26,75,100
6.4,26,75,100
6.4,26,75,100
6.4,26,75,100
6.4,26,75,100
6.4,26,75,100
6.4,26,75,100
6.4,26,75,100
6.4,26,75,100
6.4,26,75,100
6.4,26,75,100
6.4,26,75,100
6.4,26,75,100
6.4,26,75,100
6.4,26,75,100
6.4,26,75,100
6.4,26,75,100
6.4,26,75,100
6.4,26,75,100
6.4,26,75,100
6.4,26,75,100
6.4,26,75,100
6.4,26,75,100
6.4,26,75,100
6.4,26,75,100
6.4,26,75,100
6.4,26,75,100
6.4,26,75,100
6.4,26,75,100
6.4,26,75,100
6.4,26,75,100
6.4,26,75,100
6.4,26,75,100
6.4,26,75,100
6.4,26,75,100
6.4,26,75,100
6.4,26,75,100
6.4,26,75,6
6.4,26,75,100
6.4,26,75,100
6.4,26,75,100
6.4,26,75,100
6.4,26,75,100
6.4,26,74,100
6.4,26,74,100
6.4,26,74,100
6.4,26,74,100
6.4,26,73,2
6.4,26,73,2
6.4,26,73,2
6.4,26,73,1
6.4,26,73,2
6.4,26,73,2
6.4,26,73,2
6.4,26,73,2
6.4,26,73,2
6.4,26,73,3
6.4,26,73,2
6.4,26,73,2
6.4,26,73,2
6.4,26,73,2
0.6,26,73,2
1.0,26,73,1
6.4,26,73,2
6.4,26,73,2
6.4,26,73,2
6.4,26,73,3
6.4,26,73,2
6.4,26,73,2
6.4,26,73,2
6.4,26,73,2
6.4,26,73,2
6.4,26,73,2
6.4,26,72,2
6.4,26,72,2
6.4,26,72,2
6.4,26,72,2
6.4,26,72,2
6.4,26,72,2
6.4,26,72,2
6.4,26,72,2
6.4,26,73,2
6.4,26,72,2
6.4,26,72,2
6.4,26,72,2
6.4,26,72,3
6.4,26,72,100
6.4,26,72,100
6.4,26,72,100
6.4,26,72,100
6.4,26,72,100
6.4,26,72,100
6.4,26,72,100
6.4,26,72,100
6.4,26,72,100
6.4,26,72,100
6.4,26,72,100
6.4,26,72,100
6.4,26,72,100
6.4,26,72,100
6.4,26,72,100
6.4,26,73,100
6.4,26,72,100
6.4,26,73,100
6.4,26,73,100
6.4,26,73,100
6.4,26,73,100
6.4,26,73,100
6.4,26,73,100
6.4,26,73,100
6.4,26,73,100
6.4,26,73,100
6.4,26,73,100
6.4,26,73,100
6.4,26,73,100
6.4,26,73,100
6.4,26,73,100
6.4,26,73,100
6.4,26,73,100
6.4,26,73,100
6.4,26,73,100
6.4,26,73,100
6.4,26,73,100
6.4,26,73,100
6.4,26,73,100
6.4,26,73,100
6.4,26,73,100
6.4,26,73,100
6.4,26,73,100
6.4,26,73,100
6.4,26,73,100
6.4,26,73,100
6.4,26,73,100
6.4,26,73,100
6.4,26,73,100
6.4,26,73,100
6.4,26,73,100
6.4,26,73,100
6.4,26,73,100
6.4,26,73,100
6.4,26,73,100
6.4,26,73,100
6.4,26,73,100
6.4,26,73,100
6.4,26,73,100
6.4,26,73,100
6.4,26,73,100
6.4,26,73,100
6.4,26,73,100
6.4,26,73,100
6.4,26,73,100
6.4,26,73,100
6.4,26,73,100
6.4,26,73,100
6.4,26,73,100
6.4,26,73,100
6.4,26,73,100
6.4,26,73,100
6.4,26,73,100
6.4,26,73,100
6.4,26,73,100
6.4,26,73,100
6.4,26,73,100
6.4,26,73,100
6.4,26,73,100
6.4,26,73,100
6.4,26,73,100
6.4,26,73,100
6.4,26,73,100
6.4,26,73,100
6.4,26,73,100
6.4,26,73,100
6.4,26,73,100
6.4,26,73,100
6.4,26,73,100
6.4,26,73,100
6.4,26,73,100
6.4,26,73,100
6.4,26,73,100
6.4,26,73,100
6.4,26,73,100
6.4,26,73,100
6.4,26,73,100
6.4,26,73,100
6.4,26,73,100
6.4,26,73,100
6.4,26,73,100
6.4,26,73,100
6.4,26,73,100
6.4,26,73,100
6.4,26,73,100
6.4,26,73,100
6.4,26,73,100
6.4,26,73,100
6.4,26,73,100
6.4,26,73,100
6.4,26,73,100
6.4,26,73,100
6.4,26,73,100
6.4,26,73,100
6.4,26,73,100
6.4,26,73,100
6.4,26,73,100
6.4,26,73,100
6.4,26,73,100
6.4,26,73,100
6.4,26,73,100
6.4,26,73,100
6.4,26,73,100
6.4,26,73,100
6.4,26,73,100
6.4,26,73,100
6.4,26,73,100
6.4,26,73,100
6.4,26,73,100
6.4,26,73,100
6.4,26,73,100
6.4,26,73,100
6.4,26,73,100
6.4,26,73,100
6.4,26,73,100
6.4,26,73,100
6.4,26,73,100
6.4,26,73,100
6.4,26,73,100
6.4,26,73,100
6.4,26,73,100
6.4,26,73,100
6.4,26,73,100
6.4,26,73,100
6.4,26,73,100
6.4,26,73,100
6.4,26,73,100
6.4,26,73,100
6.4,26,73,100
6.4,26,73,100
6.4,26,73,100
6.4,26,73,100
6.4,26,73,100
6.4,26,73,100
6.4,26,73,100
6.4,26,73,100
6.4,26,73,100
6.4,26,73,100
6.4,26,73,100
6.4,26,73,100
6.4,26,73,100
6.4,26,73,100
6.4,26,73,100
6.4,26,73,100
6.4,26,73,100
6.4,26,73,100
6.4,26,73,100
6.4,26,73,100
6.4,26,73,100
6.4,26,73,100
6.4,26,73,100
6.4,26,73,100
6.4,26,73,100
6.4,26,73,100
6.4,26,73,100
6.4,26,73,100
6.4,26,73,100
6.4,28,69,5
6.4,28,69,6
6.4,28,69,7
6.4,28,69,6
6.4,28,69,5
6.4,28,69,7
6.4,28,69,6
6.4,28,69,7
6.4,28,69,6
6.4,28,69,6
6.4,28,69,6
6.4,28,69,6
6.4,28,69,5
6.4,28,69,7
6.4,28,69,6
6.4,28,69,7
6.4,28,69,6
6.4,28,69,7
6.4,28,69,6
6.4,28,69,4
6.4,28,69,6
6.4,28,69,5
6.4,28,69,6
6.4,28,69,9
6.4,27,68,9
6.4,27,68,6
6.4,27,68,5
6.4,27,68,6
6.4,27,68,6
6.4,27,68,6
6.4,27,68,4
6.4,27,68,5
6.4,27,68,8
6.4,27,68,6
6.4,27,68,6
6.4,27,68,6
6.4,27,68,5
6.4,27,68,8
6.4,27,68,5
6.4,27,68,6
6.4,27,68,7
6.4,27,68,6
6.4,27,68,6
6.4,27,68,4
6.4,27,68,6
6.4,27,68,6
6.4,27,68,6
6.4,27,68,6
6.4,27,68,7
6.4,27,68,7
6.4,27,68,7
6.4,27,68,7
6.4,27,68,5
6.4,27,68,10
6.4,27,68,8
6.4,27,68,10
6.4,27,68,8
6.4,27,68,5
6.4,27,68,8
6.4,27,68,6
6.4,27,68,5
6.4,27,68,8
6.4,27,69,2
6.4,27,69,18
6.4,27,69,5
6.4,27,69,12
6.4,27,68,7
6.4,27,68,10
6.4,27,68,8
6.4,27,68,6
6.4,27,68,0
6.4,27,68,10
6.4,27,68,6
6.4,27,68,6
6.4,27,68,20
6.4,27,68,0
6.4,27,68,100
6.4,27,68,100
6.4,27,68,100
6.4,27,68,100
6.4,27,68,100
6.4,27,68,100
6.4,27,68,100
6.4,27,68,100
6.4,27,68,100
6.4,27,68,100
6.4,27,68,100
6.4,28,69,100
6.4,28,69,100
6.4,28,69,100
6.4,28,69,100
6.4,28,69,100
6.4,28,69,100
6.4,28,69,100
6.4,28,69,100
6.4,28,69,100
6.4,28,69,100
6.4,28,69,100
6.4,28,69,100
6.4,28,69,100
6.4,28,69,100
6.4,28,69,100
6.4,28,69,100
6.4,28,69,100
6.4,28,69,100
6.4,28,69,100
6.4,28,69,100
6.4,28,69,100
6.4,28,69,100
6.4,28,69,100
6.4,28,69,100
6.4,28,69,100
6.4,28,69,100
6.4,28,69,100
6.4,28,69,100
6.4,28,69,100
6.4,28,69,100
6.4,28,69,100
6.4,28,69,100
6.4,28,69,100
6.4,28,69,100
6.4,28,69,100
6.4,28,69,100
6.4,28,69,100
6.4,28,69,100
6.4,28,69,100
6.4,28,69,100
6.4,28,69,100
6.4,28,69,100
6.4,28,69,100
6.4,28,69,100
6.4,28,69,100
6.4,28,69,100
6.4,28,69,100
6.4,28,69,100
6.4,28,69,100
6.4,28,69,100
6.4,28,69,100
6.4,28,69,100
6.4,28,69,100
6.4,28,69,100
6.4,28,69,100
6.4,28,69,100
6.4,28,69,100
6.4,28,69,100
6.4,28,69,100
6.4,28,69,100
6.4,28,69,100
6.4,28,69,100
6.4,28,69,100
6.4,28,69,100
6.4,28,69,100
6.4,28,69,100
6.4,28,69,100
6.4,28,69,100
6.4,28,69,100
6.4,28,69,100
6.4,28,69,10
6.4,28,69,100
6.4,28,69,100
6.4,28,69,100
6.4,28,71,100
6.4,28,70,100
6.4,28,69,100
6.4,28,69,100
6.4,28,69,100
6.4,28,69,100
6.4,28,68,100
6.4,28,68,100
6.4,28,68,100
6.4,28,68,100
6.4,28,68,100
6.4,28,68,100
6.4,28,68,100
6.4,28,68,100
6.4,28,68,100
6.4,28,68,100
6.4,28,68,100
6.4,28,68,100
6.4,28,68,100
6.4,28,68,100
6.4,28,68,100
6.4,28,68,100
6.4,28,68,100
6.4,28,68,100
6.4,28,68,100
6.4,28,68,100
6.4,28,68,100
6.4,28,68,100
0.0,28,68,100
0.0,28,69,100
0.0,28,68,100
0.4,28,68,100
0.0,28,68,100
0.3,28,68,100
0.1,28,68,100
0.0,28,68,100
0.0,28,68,100
0.0,28,68,100
0.0,28,68,100
0.0,28,68,100
0.0,28,68,100
0.0,28,68,100
0.0,28,68,100
0.0,28,68,100
0.0,28,68,100
0.0,28,68,100
0.0,28,68,100
0.0,28,68,100
0.0,28,68,100
0.0,28,68,100
0.0,28,68,100
0.0,28,68,100
0.0,28,68,100
0.0,28,68,100
0.0,28,68,100
0.0,28,68,100
0.0,28,68,100
0.0,28,68,100
0.0,28,68,100
0.0,28,68,100
0.0,28,68,100
0.0,28,68,100
0.0,28,68,100
0.0,28,68,100
0.0,28,68,100
0.0,28,68,100
0.0,28,68,100
0.0,28,68,100
0.0,28,68,100
0.0,28,68,100
0.0,28,68,100
0.0,28,68,100
0.0,28,68,100
0.0,28,67,100
0.0,28,67,100
0.0,28,67,100
0.0,28,67,100
0.0,28,66,100
0.0,28,66,100
0.0,28,66,100
0.0,28,66,100
0.0,28,66,100
0.0,28,66,100
0.0,28,66,100
0.0,28,66,100
0.0,28,66,100
0.0,28,66,100
0.0,28,67,100
0.0,28,66,100
0.0,28,66,100
0.0,28,66,100
0.0,28,66,100
0.0,28,67,100
0.0,28,67,100
0.0,28,67,100
0.0,28,67,100
0.0,28,67,100
0.0,28,67,100
0.0,28,67,100
0.0,28,67,100
0.0,28,68,100
0.0,28,68,100
0.0,28,68,100
0.0,28,68,100
0.0,28,68,100
0.0,28,68,100
0.0,28,68,100
0.0,28,68,100
0.0,28,68,100
0.0,28,68,100
0.0,28,68,100
0.0,28,68,100
0.0,28,68,100
0.0,28,68,100
0.0,28,68,100
0.0,28,68,100
0.0,28,68,100
0.5,28,68,6
0.0,28,68,100
0.0,28,68,100
0.0,28,68,100
0.0,28,68,100
0.0,28,69,0
0.0,28,68,0
0.0,28,68,0
0.0,28,68,0
0.1,28,68,0
0.3,28,68,0
0.0,28,68,0
0.0,28,68,0
0.0,28,68,0
0.0,28,68,0
4.5,28,68,100
3.8,28,67,100
2.8,28,68,100
3.8,28,67,100
5.3,28,68,100
0.0,28,68,100
0.0,28,68,100
0.0,28,69,100
0.0,28,69,100
0.0,28,68,100
0.0,28,68,100
0.0,28,68,100
0.0,28,67,100
0.0,28,67,0
0.0,28,67,100
0.0,28,67,100
0.0,28,67,100
0.0,28,67,100
0.0,28,67,100
0.0,28,67,0
0.0,28,67,100
0.0,28,67,100
0.0,28,67,0
0.0,28,67,0
0.0,28,67,100
0.0,28,67,100
0.0,28,67,100
0.0,28,67,100
0.0,28,67,100
0.0,28,68,100
0.0,28,68,100
0.0,28,68,100
0.0,28,68,100
0.0,28,68,100
0.0,28,68,100
0.0,28,68,100
0.0,28,68,100
0.0,28,68,100
0.0,28,68,100
0.0,28,68,100
0.0,28,68,100
0.0,28,68,100
0.0,28,68,100
0.0,28,68,100
0.0,28,68,100
0.0,28,68,100
0.0,28,68,100
0.0,28,68,100
0.0,28,68,100
0.0,28,68,100
0.0,28,68,100
0.0,28,68,100
0.0,28,68,100
0.0,28,68,100
0.0,28,68,100
0.0,28,68,100
0.0,28,68,100
0.0,28,68,100
0.0,28,68,100
0.0,28,68,100
0.0,28,68,100
0.0,28,68,100
0.0,28,68,100
0.0,28,68,100
0.0,28,68,100
0.0,28,68,100
0.0,28,68,100
0.0,28,68,100
0.0,28,68,100
0.0,27,67,100
0.0,27,67,100
0.0,27,67,100
0.0,27,67,100
0.0,27,67,100
0.0,27,67,100
0.0,27,67,100
0.0,27,67,100
0.0,27,67,100
0.0,27,67,100
0.0,27,67,100
0.0,27,67,100
0.0,27,67,100
0.0,27,67,100
0.0,27,67,100
0.0,27,67,100
0.0,27,67,0
0.0,27,67,0
0.0,27,67,100
0.0,27,67,100
0.0,27,67,100
0.0,27,67,0
0.0,27,67,13
0.0,27,67,22
0.0,27,67,36
0.0,27,67,0
0.0,27,67,84
0.0,27,67,84
0.0,27,67,81
0.0,27,67,80
0.0,27,67,86
0.0,27,67,85
0.0,27,67,83
0.0,27,67,89
0.0,27,67,80
0.0,27,67,80
0.0,27,67,87
0.0,27,67,74
0.0,27,67,76
0.0,27,67,0
0.0,27,67,100
0.0,27,67,100
0.0,27,67,100
0.0,27,67,100
0.0,27,67,100
0.0,27,67,100
0.0,27,67,100
0.0,27,67,100
0.0,27,67,100
0.0,27,67,100
0.0,27,67,100
0.0,27,67,100
0.0,27,68,100
0.0,27,67,100
0.0,27,68,100
0.0,27,67,100
0.0,27,67,100
0.0,27,67,100
0.0,27,67,100
0.0,27,68,100
0.0,27,68,100
0.0,27,67,100
0.0,27,68,100
0.0,27,68,100
0.0,27,68,100
0.0,27,68,100
0.0,27,68,100
0.0,27,68,100
0.0,27,68,100
0.0,27,68,100
0.0,27,68,100
0.0,27,68,100
0.0,27,68,100
0.0,27,68,100
0.0,27,68,100
0.0,27,68,100
0.0,27,68,100
0.0,27,68,100
0.0,27,68,100
0.0,27,68,100
0.0,27,68,100
0.0,27,68,100
0.0,27,68,100
0.0,27,68,100
0.0,27,68,100
0.0,27,68,100
0.0,27,67,100
0.0,27,68,100
0.0,27,68,100
0.0,27,68,100
0.0,27,68,100
0.0,27,68,100
0.0,27,68,100
0.0,27,68,100
0.0,27,68,100
0.0,27,68,100
0.0,27,68,100
0.0,27,68,100
0.0,27,68,100
0.0,27,68,100
0.0,27,68,100
0.0,27,68,100
0.0,27,68,100
0.0,27,68,100
0.0,27,68,100
0.0,27,68,100
0.0,27,68,100
0.0,27,68,100
0.0,27,68,100
0.0,27,68,100
0.0,27,68,100
0.0,27,68,100
0.0,27,68,100
0.0,27,68,100
0.0,27,68,100
0.0,27,68,100
0.0,27,68,100
0.0,27,68,100
0.0,27,68,100
0.0,27,68,100
0.0,27,68,100
0.0,27,68,100
0.0,27,68,100
0.0,27,68,100
0.0,27,68,100
0.0,27,68,100
0.0,27,68,100
0.0,27,68,100
0.0,27,68,100
0.0,27,68,100
0.0,27,68,100
0.0,27,68,100
0.0,27,68,100
0.0,27,68,100
0.0,27,68,100
0.0,27,68,100
0.0,27,68,100
0.0,27,68,100
0.0,27,68,100
0.0,27,68,100
0.0,27,68,100
0.0,27,68,100
0.0,27,68,100
0.0,27,68,100
0.0,27,68,100
0.0,27,68,100
0.0,27,68,100
0.0,27,68,100
0.0,27,68,100
0.0,27,68,100
0.0,27,68,100
0.0,27,68,100
0.0,27,68,100
0.0,27,68,100
0.0,27,68,100
0.0,27,68,100
0.0,27,68,100
0.0,27,68,100
0.0,27,68,100
0.0,27,68,100
0.0,27,67,100
0.0,27,67,100
0.0,27,67,100
0.0,27,67,100
0.0,27,67,100
0.0,27,67,100
0.0,27,66,100
0.0,27,66,100
0.0,28,67,100
0.0,28,67,100
0.0,28,67,100
0.0,28,67,100
0.0,28,67,100
0.0,28,67,100
0.0,28,67,100
0.0,28,67,100
0.0,28,68,100
0.0,28,67,100
0.0,28,67,100
0.0,28,67,100
0.0,28,67,100
0.0,28,67,100
0.0,28,67,100
0.0,28,67,100
0.0,28,67,100
0.0,28,67,100
0.0,28,67,100
0.0,28,67,100
0.0,28,68,100
0.0,28,68,100
0.0,28,69,100
0.0,28,69,100
0.0,28,68,100
0.0,28,68,100
0.0,28,68,100
0.0,28,68,100
0.0,28,68,100
0.0,28,68,100
0.0,28,67,100
0.0,28,67,100
0.0,28,67,100
0.0,28,67,100
0.0,28,67,100
0.0,28,67,100
0.0,28,67,100
0.0,28,67,100
0.0,28,67,100
0.0,28,67,100
0.0,28,67,100
0.0,28,67,100
0.0,28,67,100
0.0,28,67,100
0.0,28,68,100
0.0,28,68,100
0.0,28,68,100
0.0,28,68,100
0.0,28,67,100
0.0,28,67,100
0.0,28,67,100
0.0,28,67,100
0.0,28,67,100
0.0,28,67,100
0.0,28,67,100
0.0,28,67,0
0.0,28,67,0
0.0,28,67,100
0.0,28,67,100
0.0,28,67,100
0.0,28,68,100
0.0,28,68,100
0.0,28,67,100
0.0,28,67,100
0.0,28,67,100
0.0,28,67,100
0.0,28,67,100
0.0,28,67,100
0.0,28,67,100
0.0,28,66,100
0.0,28,66,100
0.0,28,66,100
0.0,28,66,100
0.0,28,66,100
0.0,28,66,100
0.0,28,66,100
0.0,28,66,100
0.0,28,66,100
0.0,28,66,100
0.0,28,66,100
0.0,28,66,100
0.0,28,66,100
0.0,28,66,100
0.0,28,66,100
0.0,28,66,100
0.0,28,66,100
0.0,28,66,100
0.0,28,66,100
0.0,28,66,100
0.0,28,66,100
0.0,28,66,100
0.0,28,65,100
0.0,28,66,100
0.0,28,66,100
0.0,28,66,100
0.0,28,66,100
0.0,28,65,100
0.0,28,66,100
0.0,28,66,100
0.0,28,65,100
0.0,28,65,100
0.0,28,65,100
0.0,28,65,100
0.0,28,65,100
0.0,28,65,100
0.0,28,65,100
0.0,28,65,100
0.0,28,66,100
0.0,28,65,100
0.0,28,66,100
0.0,28,66,100
0.0,28,65,100
0.0,28,65,100
0.0,28,65,100
0.0,28,65,100
0.0,28,66,100
0.0,28,66,100
0.0,28,66,100
0.0,28,65,100
0.0,28,65,100
0.0,28,65,100
0.0,28,65,100
0.0,28,65,100
0.0,28,65,100
0.0,28,65,100
0.0,28,65,100
0.0,28,65,100
0.0,28,65,100
0.0,28,65,100
0.0,28,65,100
0.0,28,65,100
0.0,28,65,100
0.0,28,65,100
0.0,28,65,100
0.0,28,65,100
0.0,28,65,100
0.0,28,65,100
0.0,28,65,100
0.0,28,65,100
0.0,28,65,100
0.0,28,65,100
0.0,28,65,100
0.0,28,65,100
0.0,28,65,100
0.0,28,65,100
0.0,28,65,100
0.0,28,65,100
0.0,28,65,100
0.0,28,65,100
0.0,28,65,100
0.0,28,65,100
0.0,28,65,100
0.0,28,65,100
0.0,28,65,100
0.0,28,65,100
0.0,28,65,100
0.0,28,65,100
0.0,28,65,100
0.0,28,65,100
0.0,28,65,100
0.0,28,65,100
0.0,28,65,100
0.0,28,65,100
0.0,28,65,100
0.0,28,65,100
0.0,28,65,100
0.0,28,65,100
0.0,28,66,100
0.0,28,66,100
0.0,28,65,100
0.0,28,65,100
0.0,28,65,100
0.0,28,65,100
0.0,28,65,100
0.0,28,65,100
0.0,28,65,100
0.0,28,65,100
0.0,28,65,100
0.0,28,65,100
0.0,28,65,100
0.0,28,66,100
0.0,28,66,100
0.0,28,66,100
0.0,28,66,100
0.0,28,66,100
0.0,28,66,100
0.0,28,66,100
0.0,28,66,100
0.0,28,66,100
0.0,28,66,100
0.0,28,66,100
0.0,28,66,100
0.0,28,66,100
0.0,28,67,100
0.0,28,66,100
0.0,28,67,100
0.0,28,66,100
0.0,28,66,100
0.0,28,66,100
0.0,28,66,100
0.0,28,66,100
0.0,28,66,100
0.0,28,66,100
0.0,28,67,100
0.0,28,66,100
0.0,28,67,100
0.0,28,67,100
0.0,28,67,100
0.0,28,67,100
0.0,28,67,100
0.0,28,67,100
0.0,28,67,100
0.0,28,67,100
0.0,28,67,100
0.0,28,67,100
0.0,28,67,100
0.0,28,67,100
0.0,28,67,100
0.0,28,67,100
0.0,28,67,100
0.0,28,67,100
0.0,28,67,100
0.0,28,67,100
0.0,28,67,100
0.0,28,67,100
0.0,28,67,100
0.0,28,67,100
0.0,28,67,100
0.0,28,67,100
0.0,28,67,100
0.0,28,67,100
0.0,28,67,100
0.0,28,67,100
0.0,28,67,100
0.0,28,67,100
0.0,28,67,100
0.0,28,67,100
0.0,28,67,100
0.0,28,67,100
0.0,28,67,27
0.0,28,67,25
0.0,28,67,26
0.0,28,67,0
0.0,28,67,0
0.0,28,67,100
0.0,28,67,100
0.0,28,67,100
0.0,28,67,100
0.0,28,67,100
0.0,28,67,100
0.0,28,67,100
0.0,28,67,100
0.0,28,67,100
0.0,28,68,100
0.0,28,68,100
0.0,28,67,100
0.0,28,68,100
0.0,28,68,100
0.0,28,68,100
0.0,28,68,100
0.0,28,68,100
0.0,28,68,100
0.0,28,68,100
0.0,28,68,100
0.0,28,68,100
0.0,28,68,100
0.0,28,68,100
0.0,28,68,100
0.0,28,68,100
0.0,28,68,100
0.0,28,68,100
0.0,28,68,100
0.0,28,68,100
0.0,28,68,100
0.0,28,68,100
0.0,28,68,100
0.0,28,68,100
0.0,28,68,100
0.0,28,68,100
0.0,28,68,100
0.0,28,68,100
0.0,28,68,100
0.0,28,68,100
0.0,28,68,100
0.0,28,68,100
0.0,28,68,100
0.0,28,68,100
0.0,28,68,100
0.0,28,68,100
0.0,28,68,100
0.0,28,68,100
0.0,28,68,100
0.0,28,68,100
0.0,28,68,100
0.0,28,68,100
0.0,28,68,100
0.0,27,67,100
0.0,28,68,100
0.0,28,68,100
0.0,27,67,100
0.0,27,67,100
0.0,27,67,100
0.0,27,67,100
0.0,27,67,100
0.0,27,67,100
0.0,27,67,100
0.0,27,67,100
0.0,27,67,100
0.0,27,67,100
0.0,27,67,100
0.0,27,67,100
0.0,27,67,100
0.0,27,67,100
0.0,27,68,100
0.0,27,68,100
0.0,27,67,6
0.0,27,68,0
0.0,27,68,44
0.0,27,68,0
0.0,27,68,0
0.0,27,68,1
0.0,27,68,0
0.0,27,68,45
0.0,27,68,100
0.0,27,68,35
0.0,27,68,0
0.0,27,68,0
0.0,27,68,52
0.0,27,68,0
0.0,27,68,32
0.0,27,68,46
0.0,27,68,36
0.0,27,68,5
0.0,27,68,14
0.0,28,69,0
0.0,27,68,0
0.0,27,68,0
0.0,27,68,0
0.0,27,68,0
0.0,28,69,0
0.0,27,68,0
0.0,27,68,0
0.0,27,68,0
0.0,27,68,0
0.0,28,69,0
0.0,27,68,0
0.0,27,68,0
0.0,27,68,0
0.0,27,68,0
0.0,27,68,0
0.0,27,68,0
0.0,27,68,0
0.0,27,68,0
0.0,27,68,0
0.0,27,68,0
0.0,27,68,0
0.0,27,68,0
0.0,27,68,0
0.0,27,68,0
0.0,27,68,0
0.0,27,68,0
0.0,27,68,0
0.0,27,68,0
0.0,27,68,0
0.0,27,68,0
0.0,27,68,0
0.0,27,68,12
0.0,27,68,0
0.0,27,68,0
0.0,27,68,0
0.0,27,68,0
0.0,27,68,0
0.0,27,68,0
0.0,27,68,0
0.0,27,68,0
0.0,27,68,0
0.0,27,68,0
0.0,27,68,0
0.0,27,68,0
0.0,27,68,0
0.0,27,68,0
0.0,27,68,0
0.0,27,68,0
0.0,27,68,0
0.0,27,68,0
0.0,27,68,0
0.0,27,68,0
0.0,27,68,0
0.0,27,68,0
0.0,27,68,0
0.0,27,68,0
0.0,27,68,0
0.0,27,68,24
0.0,27,68,50
0.0,27,68,0
0.0,27,68,100
0.0,27,68,10
0.0,27,68,0
0.0,27,68,0
0.0,27,68,0
0.0,27,68,2
0.0,27,68,0
0.0,27,68,0
0.0,27,68,0
0.0,27,68,0
0.0,27,68,0
0.0,27,68,0
0.0,27,68,0
0.0,27,68,0
0.0,27,68,0
0.0,27,68,0
0.0,27,68,0
0.0,27,68,0
0.0,27,68,0
0.0,27,68,0
0.0,27,68,0
0.0,27,68,0
0.0,27,68,0
0.0,27,68,0
0.0,27,68,0
0.0,27,68,0
0.0,27,68,0
0.0,27,68,0
0.0,27,68,0
0.0,27,68,0
0.0,27,68,0
0.0,27,68,0
0.0,27,68,0
0.0,27,68,0
0.0,27,68,0
0.0,27,68,0
0.0,27,68,0
0.0,27,68,0
0.0,27,68,0
0.0,27,69,0
0.0,27,68,0
0.0,27,69,0
0.0,27,68,0
0.0,27,69,1
0.0,27,68,0
0.0,27,69,0
0.0,27,69,0
0.0,27,68,0
0.0,27,68,0
0.0,27,68,0
0.0,27,68,0
0.0,27,68,0
0.0,27,68,0
0.0,27,68,0
0.2,27,68,0
0.0,27,69,0
0.0,27,69,0
0.0,27,69,0
1.0,27,69,0
0.9,27,69,2
0.2,27,68,3
0.8,27,68,0
0.0,27,68,0
6.4,27,68,0
0.0,27,68,0
0.0,27,68,0
0.0,27,68,0
0.0,27,68,0
0.8,27,68,0
0.0,27,68,0
0.0,27,68,0
0.9,27,68,0
0.0,27,68,0
1.0,27,68,0
0.0,27,68,0
0.0,27,68,0
0.9,27,68,0
0.9,27,68,0
0.0,27,68,0
0.0,27,68,0
0.0,27,68,0
1.0,27,68,0
0.0,27,68,0
0.0,27,68,0
0.0,27,68,0
0.0,27,69,0
0.8,27,69,0
0.0,27,69,0
0.0,27,69,0
0.0,27,69,0
0.0,27,69,0
0.0,27,69,0
0.0,27,69,0
0.0,27,69,0
0.1,27,69,0
0.0,27,69,0
0.0,27,69,0
0.0,27,69,0
0.0,27,69,0
0.9,27,69,0
1.7,27,69,0
0.5,27,69,0
0.9,27,69,0
0.0,27,69,0
0.0,27,68,0
0.0,27,68,0
0.0,27,68,0
1.0,27,68,0
0.1,27,68,0
0.0,27,68,0
0.0,27,68,0
0.0,27,68,0
0.0,27,69,0
0.0,27,69,0
0.0,27,69,0
2.3,27,69,0
1.1,27,69,0
6.4,27,69,0
0.0,27,69,0
0.0,27,68,0
0.0,27,68,0
1.0,27,68,0
0.0,27,68,0
0.0,27,68,0
0.0,27,68,0
0.0,27,68,0
0.0,27,68,0
0.0,27,68,0
0.0,27,68,0
0.9,27,68,0
0.0,27,68,1
0.0,27,68,0
1.0,27,68,0
0.9,27,68,0
0.0,27,68,0
1.1,27,68,0
0.0,27,68,0
0.0,27,68,0
0.0,27,68,0
0.0,27,68,1
0.0,27,68,0
1.0,27,68,4
0.0,27,68,0
0.0,27,68,0
0.9,27,68,0
0.0,27,68,0
1.0,27,68,0
0.0,27,68,0
0.0,27,68,0
0.4,27,69,0
0.8,27,68,0
1.2,27,68,0
0.8,27,68,0
0.6,27,68,0
1.0,27,68,0
0.0,27,69,0
1.0,27,69,0
0.0,27,69,0
0.0,27,69,0
0.2,27,69,0
0.8,27,69,0
1.3,27,69,0
0.0,27,69,0
0.8,27,69,0
0.0,27,68,0
0.0,27,68,0
0.0,27,68,0
0.0,27,68,0
0.0,27,68,0
0.7,27,68,0
0.0,27,68,0
0.0,27,68,0
0.0,27,68,0
0.8,27,68,0
0.0,27,69,0
0.8,27,69,0
0.0,27,69,0
0.0,27,69,0
0.0,27,69,0
0.0,27,69,0
0.0,27,69,0
0.8,27,69,0
0.4,27,69,0
0.0,27,69,0
0.0,27,69,0
6.4,27,69,0
0.0,27,69,0
0.0,27,69,0
0.0,27,69,0
0.0,27,69,0
1.0,27,69,0
0.0,27,69,3
0.2,27,69,29
0.0,27,69,0
0.0,27,69,0
0.0,27,69,0
0.0,27,69,0
0.0,27,69,0
0.7,27,69,42
0.1,27,69,34
1.0,27,69,0
0.0,27,69,0
0.4,27,69,0
0.0,27,69,0
0.0,27,69,0
0.7,27,69,0
0.0,27,69,0
0.0,27,69,0
0.0,27,69,0
0.0,27,69,0
0.0,27,69,0
0.9,27,69,0
0.8,27,69,0
1.0,27,69,0
0.0,27,69,0
0.0,27,69,0
0.9,27,69,0
0.0,27,69,0
0.0,27,69,0
1.1,27,69,0
0.0,27,69,0
0.0,28,70,0
0.0,28,70,0
0.0,28,70,0
0.0,28,70,0
0.0,28,70,0
1.1,28,70,0
0.0,28,70,0
0.3,28,70,0
0.0,28,70,0
6.4,28,70,0
1.0,28,70,0
0.0,28,70,0
0.0,28,70,0
1.2,28,70,0
0.0,28,70,0
0.0,28,70,0
0.0,28,70,0
0.0,28,70,0
1.0,28,70,0
1.1,28,70,0
0.0,28,70,0
0.0,28,70,0
6.4,28,69,0
0.0,28,69,0
0.0,28,69,0
0.0,28,69,1
0.6,28,70,0
0.0,28,69,0
0.0,28,70,0
0.0,28,69,0
0.9,28,69,0
0.0,28,69,0
0.0,28,69,0
0.0,28,69,0
0.0,28,69,0
1.0,28,69,0
0.0,28,69,0
0.5,28,69,0
0.6,28,69,0
2.1,28,69,0
0.0,28,69,0
1.9,28,69,0
0.0,28,69,0
0.0,28,69,0
0.5,28,70,0
0.0,28,70,0
0.0,28,69,0
0.7,28,69,0
0.0,28,69,0
0.0,28,69,0
0.7,28,69,0
0.0,28,69,0
0.3,28,69,0
0.0,28,69,0
0.0,28,69,0
0.6,28,69,0
1.5,28,69,0
0.0,28,69,0
0.0,28,69,0
1.1,28,70,0
1.0,28,70,0
0.0,28,70,0
0.0,28,70,0
0.0,28,69,0
0.1,28,69,0
0.8,26,51,0
0.6,26,52,100
0.4,26,52,100
0.8,26,51,100
0.8,26,51,100
0.9,26,51,100
1.0,26,51,100
0.9,26,51,100
0.9,26,51,100
0.8,26,51,100
1.0,26,52,100
0.5,26,51,100
0.7,26,52,100
0.9,26,52,100
0.7,26,52,100
0.9,26,52,100
0.6,26,52,100
0.9,26,52,100
0.6,26,52,100
0.7,26,52,100
0.8,26,52,100
0.9,26,51,100
0.7,26,51,100
0.7,26,51,100
0.7,26,51,100
0.8,26,51,100
0.9,26,51,100
0.9,26,51,100
0.7,26,51,100
0.8,26,51,100
0.7,26,51,100
0.8,26,51,100
0.8,26,51,100
0.8,26,51,100
0.7,26,51,100
0.9,26,51,100
0.7,26,52,100
0.8,26,52,100
0.8,26,52,100
0.6,26,52,100
0.7,26,51,100
0.9,26,52,100
0.9,26,51,100
0.9,26,51,100
0.8,26,51,100
0.9,26,51,100
0.8,26,51,100
0.8,26,51,100
0.4,26,51,100
0.7,26,51,100
0.7,26,51,100
0.8,26,51,100
0.8,26,51,100
0.7,26,51,100
0.8,26,51,100
0.7,26,51,100
1.0,26,51,100
0.9,26,51,100
0.9,26,51,100
1.0,26,51,100
0.7,26,51,100
0.9,26,52,100
0.9,26,52,100
1.0,26,52,100
1.0,26,52,100
1.0,26,52,100
1.0,26,52,100
1.0,26,52,100
0.8,26,52,100
1.0,26,52,100
0.9,26,51,100
1.0,26,51,100
0.9,26,51,100
1.0,26,51,100
0.9,26,51,100
0.9,26,52,100
0.8,26,52,100
0.9,26,51,100
0.7,26,51,100
1.0,26,51,100
0.6,26,51,100
1.0,26,51,100
1.0,26,51,100
1.0,26,51,100
0.9,26,51,100
1.0,26,51,100
1.1,26,51,100
0.7,26,51,100
0.9,26,51,100
1.0,26,51,100
0.9,26,51,100
0.8,26,51,100
0.8,26,51,100
0.9,26,51,100
0.6,26,51,100
1.0,26,51,100
0.9,26,51,100
0.7,26,51,100
0.7,26,51,100
0.6,26,51,100
1.0,26,51,100
1.0,26,51,100
1.0,26,51,100
0.9,26,51,100
1.0,26,51,100
1.1,26,51,100
1.0,26,51,100
1.0,26,51,100
0.9,26,52,100
1.0,26,52,100
1.0,26,52,100
0.9,26,52,100
1.0,26,52,100
0.7,26,52,100
0.8,26,52,100
0.7,26,52,100
1.0,26,52,100
0.9,26,52,100
1.0,26,52,100
1.1,26,51,100
1.0,26,51,100
1.1,26,51,100
0.9,26,51,100
0.9,26,51,100
1.1,26,51,100
0.9,26,51,100
1.1,26,51,100
1.1,26,51,100
1.0,26,51,100
1.1,26,51,100
1.0,26,51,100
1.0,26,51,100
0.9,26,51,100
1.1,26,51,100
0.9,26,52,100
1.0,26,52,100
0.8,26,52,100
0.8,26,52,100
1.1,26,52,100
0.6,26,52,100
0.7,26,52,100
1.0,26,52,100
1.0,26,52,100
0.4,26,52,100
0.8,26,52,100
1.0,26,52,100
0.9,26,52,0
1.2,26,52,0
1.1,26,52,0
1.3,26,52,0
1.3,26,52,0
1.3,26,52,0
1.4,26,51,0
0.9,26,51,100
1.0,26,51,100
1.1,24,53,100
1.1,24,53,100
1.1,24,53,100
1.0,24,53,100
1.1,24,53,100
1.0,24,53,100
1.1,24,53,100
1.1,24,53,100
1.2,24,53,100
1.2,24,53,100
1.2,24,53,100
1.2,24,52,100
1.2,24,52,100
1.2,24,52,100
1.2,24,52,100
1.2,24,52,100
1.2,24,52,100
1.2,24,52,100
1.0,24,52,100
0.7,24,51,100
1.4,24,51,0
1.4,24,51,0
1.3,24,51,0
1.5,24,51,0
0.7,24,51,100
1.1,24,51,100
0.9,24,51,100
1.0,24,51,100
1.0,24,51,100
1.2,24,51,100
0.9,24,51,100
1.1,24,51,100
1.1,24,51,100
1.1,25,51,100
1.2,25,51,100
1.1,25,51,100
1.1,25,51,100
1.2,25,50,100
1.1,25,50,100
1.5,25,50,3
1.1,25,50,100
1.2,25,51,100
1.1,25,51,100
1.0,25,50,100
1.2,25,50,100
1.1,25,50,100
1.1,25,51,100
1.2,25,51,100
1.0,25,51,100
1.2,25,51,100
1.1,25,51,100
1.0,25,51,100
1.1,25,51,100
1.1,25,51,100
1.1,25,51,100
1.1,25,51,100
1.1,25,51,100
1.1,25,51,100
1.1,25,51,100
1.0,25,51,100
1.0,25,51,100
1.1,25,50,100
1.1,25,50,100
1.1,25,50,100
1.1,25,50,100
1.1,25,50,100
0.9,25,50,100
0.5,25,50,100
0.3,25,50,100
0.9,25,50,100
0.6,25,50,100
0.6,25,50,100
0.5,25,50,100
0.5,25,52,100
1.0,25,52,5
0.8,25,52,100
0.9,25,52,100
1.3,25,52,6
1.0,25,52,100
1.3,25,51,100
1.2,25,51,100
1.2,25,51,100
1.2,25,51,100
1.4,25,51,100
1.3,25,50,100
1.3,25,50,100
1.4,25,50,100
1.5,25,50,100
1.4,25,50,100
1.3,25,50,100
1.3,25,50,100
1.2,25,50,100
1.3,25,50,100
1.3,25,50,100
1.2,25,50,100
1.2,25,50,100
1.3,25,49,100
1.0,25,49,100
1.3,25,49,100
1.3,25,49,100
1.2,25,50,100
1.2,25,50,100
1.3,25,50,100
1.3,25,50,100
1.3,25,50,100
1.2,25,50,100
1.2,25,50,100
1.2,25,50,100
1.1,25,50,100
1.1,25,50,100
1.2,25,50,100
1.3,25,50,100
1.3,25,49,100
1.1,25,49,100
1.2,25,49,100
1.2,25,49,100
1.2,25,49,100
1.2,25,49,100
1.2,25,49,100
1.3,25,49,100
1.3,25,49,100
1.3,25,49,100
1.3,25,49,100
1.2,25,49,100
1.2,25,49,100
1.3,25,50,100
1.3,25,50,100
1.3,25,50,100
1.2,25,50,100
1.2,25,50,100
1.3,25,50,100
1.1,25,50,100
1.0,25,50,100
1.1,25,50,100
1.2,25,50,100
1.2,25,50,100
0.9,25,50,100
0.9,25,50,100
0.9,25,50,100
0.8,25,50,100
0.9,25,50,100
1.2,25,50,100
1.2,25,50,100
1.2,25,50,100
1.1,25,50,100
1.1,25,50,100
1.1,25,49,100
1.1,25,48,100
1.2,25,49,100
1.2,25,49,100
1.2,25,49,100
1.2,25,50,100
1.1,25,50,100
1.1,25,50,100
1.2,25,50,100
1.1,25,50,100
1.0,25,50,100
1.1,25,50,100
1.1,25,50,100
1.1,25,50,100
1.2,25,51,100
1.2,25,51,100
1.0,25,51,100
1.0,25,51,100
1.0,25,50,100
1.0,25,50,100
0.9,25,49,100
0.9,25,49,100
0.9,25,49,100
1.1,25,49,100
1.1,25,50,100
1.2,25,49,100
1.2,25,49,100
1.3,25,49,100
1.2,25,49,100
1.2,25,49,100
1.2,25,49,100
1.2,25,50,100
0.7,25,50,100
1.3,25,50,100
1.1,25,50,100
0.9,25,50,100
1.0,25,50,100
0.5,25,50,100
1.0,25,50,100
1.2,25,50,100
1.0,25,50,100
0.9,25,50,100
0.9,25,50,100
0.9,25,50,100
0.9,25,49,100
0.9,25,49,100
0.8,25,50,100
0.9,25,50,100
1.1,25,50,100
0.9,25,50,100
0.9,25,51,100
0.8,25,50,100
1.3,25,49,100
1.1,25,49,100
1.2,25,49,100
1.0,25,49,100
1.0,25,49,100
0.7,25,50,100
1.1,25,50,100
0.9,25,50,100
1.1,25,50,100
1.1,25,50,100
1.0,26,50,100
0.5,26,50,100
0.9,26,50,100
1.0,26,50,100
0.7,26,50,100
0.6,26,50,100
0.6,26,50,100
0.7,26,50,100
0.9,26,50,100
0.8,26,51,100
0.9,25,50,100
0.9,25,50,100
0.4,25,50,100
0.8,25,49,100
0.8,25,50,100
0.5,25,50,100
0.8,25,50,100
0.5,25,51,100
0.6,25,51,100
0.8,25,56,100
0.8,25,61,100
0.9,25,64,100
0.8,26,59,100
0.8,26,57,100
0.7,26,55,100
0.7,26,53,100
0.6,26,52,100
0.7,26,52,100
0.5,26,50,100
0.5,26,50,100
0.5,25,49,100
0.5,25,49,100
0.4,25,49,100
0.3,25,49,100
0.4,25,50,100
0.4,25,50,100
0.3,25,49,100
0.5,25,49,100
0.5,25,49,100
0.5,25,50,100
0.5,25,50,100
0.5,25,50,100
0.2,25,50,100
0.5,25,49,100
0.5,25,49,100
0.5,25,49,100
0.4,25,50,100
0.3,25,50,100
0.5,25,50,100
0.6,25,50,100
0.7,25,51,100
0.2,25,51,100
0.8,25,51,100
0.7,25,51,100
0.5,25,51,100
0.6,25,51,100
0.4,25,51,100
0.3,25,51,100
0.3,25,51,100
0.7,25,51,100
0.5,25,50,100
0.4,25,50,100
0.4,25,50,100
0.6,25,50,100
0.4,25,50,100
0.8,25,51,100
0.8,25,51,100
0.9,25,50,100
0.6,25,50,100
0.9,25,50,100
0.9,25,50,100
0.9,25,50,100
0.8,25,51,100
0.8,25,51,100
0.6,25,51,100
0.6,25,51,100
0.7,25,51,100
0.5,25,51,100
0.7,25,51,100
0.5,25,51,100
0.5,25,51,100
0.4,25,51,100
0.4,25,51,100
0.4,25,51,100
0.6,25,51,100
0.6,25,51,100
0.4,25,51,100
0.7,25,51,100
0.5,25,51,100
1.3,27,52,100
1.0,27,51,100
1.1,27,50,100
0.7,27,50,100
1.2,27,50,100
1.1,27,50,100
0.5,27,50,100
0.7,27,50,100
0.7,27,50,100
0.9,27,50,100
0.7,27,49,100
0.7,27,49,100
0.7,27,49,100
0.7,27,50,100
0.8,27,50,100
1.0,27,50,100
0.6,27,49,100
0.2,27,49,100
0.6,27,49,100
0.7,26,49,100
0.6,26,49,100
0.6,26,49,100
0.5,26,49,100
0.6,26,49,100
0.5,26,50,100
0.3,26,50,100
0.5,26,50,100
0.6,26,50,100
0.6,26,50,100
0.9,26,50,100
0.8,26,50,100
0.8,26,50,100
0.9,26,50,100
1.0,26,50,100
0.9,26,50,100
1.1,26,50,100
0.8,26,50,100
0.9,26,50,100
0.9,26,50,100
0.5,26,50,100
0.6,26,50,100
0.8,26,50,100
0.6,26,50,100
0.5,26,49,100
0.8,26,50,100
0.7,26,50,100
0.9,26,50,100
0.1,26,51,100
0.2,26,51,100
0.1,26,51,100
0.4,26,51,100
0.1,26,51,100
0.1,26,51,100
0.1,26,51,100
0.6,26,51,100
0.6,26,51,100
0.5,26,51,100
0.6,26,51,100
0.7,26,51,100
0.6,26,51,96
0.6,26,51,100
0.6,26,51,100
0.7,26,51,100
1.1,26,51,100
1.1,26,51,100
1.2,26,51,100
1.2,26,51,100
1.2,26,51,100
1.1,26,51,100
1.1,26,50,100
1.1,26,50,100
1.2,26,50,100
1.2,26,51,100
0.9,26,51,100
0.9,26,51,100
0.9,26,51,100
0.8,26,50,100
0.7,26,50,100
0.6,26,50,100
0.8,26,50,100
1.0,26,50,100
1.1,26,50,100
1.1,26,50,100
0.6,26,50,100
0.7,26,51,100
0.6,26,51,100
0.6,26,51,100
0.6,26,51,100
0.9,26,51,100
0.6,26,51,100
0.8,26,51,100
1.2,26,51,100
1.1,26,50,100
0.9,26,50,100
1.1,26,50,100
1.1,26,50,100
1.1,26,50,100
1.2,26,50,100
1.2,26,50,100
1.1,26,50,100
1.2,26,50,100
1.1,26,50,100
1.2,26,50,100
1.1,26,50,100
1.1,26,50,100
1.1,26,50,100
1.2,26,50,100
1.1,26,50,100
1.2,26,50,100
1.2,26,50,100
1.2,26,51,100
1.2,26,51,100
1.2,26,51,100
0.4,26,51,100
0.9,26,51,100
0.7,26,51,100
1.0,26,51,100
1.0,26,51,100
1.0,26,51,100
0.9,26,50,100
0.9,26,50,100
0.9,26,50,100
0.9,26,50,100
1.1,26,50,100
1.0,26,50,100
1.0,26,50,100
1.0,26,50,100
1.2,26,50,100
1.0,26,50,100
1.1,26,50,100
1.1,26,50,100
1.0,26,50,100
1.0,26,50,100
0.9,26,50,100
1.1,26,50,100
1.0,26,50,100
0.9,26,51,100
1.0,26,51,100
1.0,26,51,100
1.0,26,50,100
1.0,26,50,100
1.0,26,50,100
1.0,26,50,100
1.0,26,50,100
0.9,26,50,100
1.0,26,50,100
1.0,26,50,100
1.0,26,50,100
1.0,26,50,100
1.1,26,50,100
0.8,26,50,100
1.1,26,51,100
0.6,26,50,100
0.6,26,50,100
0.7,26,50,100
0.7,26,50,100
0.8,26,50,100
0.9,26,50,100
1.1,26,51,100
1.0,26,51,100
1.2,26,51,100
1.3,26,51,100
1.0,26,51,100
0.9,26,51,100
1.0,26,51,100
0.1,26,51,100
0.1,26,51,100
0.1,26,51,100
0.4,26,51,100
0.2,26,51,100
0.1,26,51,100
0.1,26,51,100
0.1,26,50,100
0.1,26,50,100
0.2,26,50,100
0.1,26,50,100
0.1,26,50,100
0.2,26,50,100
0.7,26,50,100
1.0,26,50,100
1.1,26,50,100
1.1,26,50,100
1.0,26,50,100
1.1,26,51,100
1.1,26,51,100
1.0,26,51,100
1.1,26,51,100
1.2,26,51,100
1.1,26,51,100
1.1,26,51,100
1.0,26,51,100
0.7,26,51,100
0.5,26,51,100
0.6,26,51,100
0.9,26,51,100
1.0,26,51,100
0.9,26,50,100
1.1,26,50,100
1.0,26,50,100
1.0,26,50,100
1.0,26,50,100
1.0,26,50,100
0.9,26,50,100
1.0,26,50,100
0.9,26,50,100
0.9,26,49,100
1.1,26,50,100
1.0,26,50,100
1.1,26,50,100
1.1,26,50,100
1.0,26,51,100
1.2,26,51,100
1.0,26,51,100
1.0,26,51,100
1.0,26,51,100
0.9,26,51,100
0.8,26,51,100
0.9,26,51,100
1.1,26,51,100
1.0,26,51,100
1.0,26,51,100
1.0,26,51,100
1.0,26,50,100
0.9,26,50,100
1.1,26,50,100
1.1,26,51,100
1.0,26,51,100
1.1,26,51,100
1.0,26,51,100
1.0,26,50,100
1.0,26,50,100
0.7,26,50,100
1.0,26,51,100
1.1,26,51,100
1.2,26,51,100
1.2,26,51,100
1.1,26,51,100
1.1,26,51,100
1.1,26,51,100
1.0,26,51,100
1.1,26,51,100
1.1,26,51,100
1.2,26,51,100
1.3,26,51,100
1.2,26,51,100
1.1,26,51,100
1.1,26,50,100
1.1,26,50,100
1.2,26,50,100
1.1,26,50,98
1.1,26,50,100
0.9,26,50,100
1.1,26,50,100
1.1,26,50,100
1.1,26,50,100
1.2,26,50,100
1.1,26,50,100
1.1,26,50,100
1.1,26,50,100
1.2,26,50,100
1.0,26,50,100
1.2,26,50,100
1.1,26,50,100
1.0,26,50,100
0.7,26,50,100
1.0,26,50,100
0.8,26,50,100
1.2,26,50,100
1.0,26,50,100
1.1,26,50,100
0.9,26,50,100
1.1,26,50,100
0.8,26,50,100
0.8,26,50,100
0.8,26,49,100
0.6,26,50,100
0.7,26,50,100
0.8,26,50,96
0.8,26,50,100
0.7,26,50,100
0.7,26,50,97
0.6,26,50,100
0.7,26,50,100
0.7,26,50,100
0.6,26,50,100
1.0,26,50,0
1.1,26,50,0
1.0,26,50,3
1.3,26,50,0
0.8,26,51,100
0.7,26,50,100
0.7,26,51,100
0.8,26,51,100
0.8,26,51,100
0.7,26,51,100
0.7,26,51,100
0.8,26,51,100
0.5,26,50,100
0.6,26,50,100
0.6,26,50,100
1.3,26,50,0
0.7,26,50,97
0.9,26,51,96
0.2,26,51,96
0.8,26,51,100
0.7,26,51,100
1.3,26,51,3
0.9,26,51,100
0.7,26,51,100
0.6,26,51,100
0.7,26,51,100
0.6,26,51,100
0.7,26,51,100
0.5,26,50,100
1.1,26,50,100
1.1,26,50,100
0.9,26,50,100
0.7,26,50,100
0.6,26,50,100
0.8,26,50,100
0.8,26,50,100
0.7,26,50,100
0.8,26,50,100
0.8,26,51,100
0.8,26,51,100
1.1,26,51,0
0.8,26,51,100
0.7,26,51,100
0.8,26,51,100
0.0,26,51,100
0.0,26,50,100
0.0,26,50,100
0.0,26,50,100
1.1,26,50,100
1.1,26,51,100
1.0,26,51,100
1.0,26,51,100
0.6,26,51,100
0.6,26,51,100
0.8,26,51,100
0.5,26,51,100
0.5,26,51,100
1.0,26,51,100
0.9,26,51,100
1.0,26,51,100
0.6,26,51,100
0.5,26,51,100
0.8,26,51,100
0.6,26,51,100
1.2,26,50,100
1.2,26,49,100
1.2,26,49,100
1.3,26,49,100
1.9,26,50,59
1.3,26,50,100
1.1,26,50,100
1.2,26,49,100
1.2,26,50,100
1.2,26,49,100
1.1,26,49,100
1.2,26,49,100
0.7,26,49,100
0.5,26,49,100
1.2,26,49,100
1.2,26,49,100
1.3,26,49,100
1.2,26,49,100
0.4,26,50,100
0.3,26,49,100
0.3,26,49,100
0.3,26,49,100
0.2,26,49,100
0.9,26,49,100
0.6,26,49,100
1.1,26,49,100
1.2,26,49,100
1.1,26,49,100
1.2,26,49,100
0.6,26,49,100
0.5,26,49,100
1.2,26,49,100
0.9,26,49,100
1.3,26,49,100
1.3,26,48,100
1.4,26,48,100
1.1,26,48,100
1.3,26,48,100
1.4,26,48,100
1.3,26,48,100
0.6,26,48,100
0.9,26,48,100
1.2,26,48,100
1.3,26,48,100
1.2,26,48,100
1.2,26,48,100
1.2,26,48,100
0.2,26,48,100
0.2,26,48,100
0.1,26,48,100
0.1,26,48,100
0.2,26,48,100
0.3,26,49,100
0.0,26,49,100
0.0,26,49,100
0.0,26,49,100
0.2,26,49,100
0.4,26,49,100
0.8,26,49,100
1.4,26,49,100
1.3,26,48,100
1.4,26,49,100
1.4,26,49,100
1.3,26,49,100
1.4,26,50,100
1.4,26,50,100
1.4,26,50,100
1.4,26,49,100
1.3,26,49,100
1.4,26,48,100
1.4,26,49,100
1.4,26,48,100
1.3,26,48,100
1.4,26,48,100
1.4,26,48,100
1.4,26,48,100
1.3,26,49,100
1.3,26,49,100
1.4,26,48,100
1.4,26,49,100
0.8,26,48,100
1.2,26,49,100
1.3,26,49,100
1.2,26,49,100
1.3,26,48,100
0.9,26,48,100
0.5,26,48,100
0.1,26,48,100
0.3,26,48,100
0.9,26,48,100
1.2,26,48,100
1.3,26,48,100
0.7,26,48,100
0.9,26,47,100
0.9,26,48,100
1.0,26,48,100
1.0,26,48,100
0.9,26,48,100
0.9,26,48,100
0.9,26,48,100
0.9,26,48,100
1.0,26,48,100
1.1,26,48,100
0.9,26,48,100
0.8,26,48,100
1.1,26,48,100
1.0,26,48,100
1.1,26,48,100
1.0,26,50,100
0.5,26,49,100
0.9,26,49,100
1.0,26,49,100
1.1,26,49,100
0.9,26,48,100
0.8,26,48,100
0.6,26,48,100
0.6,26,48,100
0.6,26,48,100
1.0,26,48,100
1.0,26,48,100
1.0,26,48,100
0.9,26,48,100
0.8,26,48,100
0.9,26,48,100
0.9,26,48,100
0.6,26,47,100
0.8,26,48,100
1.0,26,48,100
0.9,26,48,100
1.0,26,48,100
1.0,26,48,100
1.0,26,48,100
1.0,26,48,100
0.9,26,48,100
1.0,26,48,100
0.9,26,48,100
1.0,26,48,100
1.0,26,48,100
1.1,26,48,100
1.1,26,48,100
1.1,26,48,100
1.1,26,48,100
1.1,26,48,100
1.1,26,48,100
1.0,26,48,100
0.9,26,48,100
0.9,26,48,100
1.1,26,48,100
1.1,26,48,100
0.7,26,47,100
0.8,26,47,100
0.8,26,47,100
0.7,26,48,100
0.7,26,48,100
0.8,26,48,100
1.0,26,48,100
0.9,26,48,100
1.1,26,48,100
1.1,26,48,100
0.8,26,48,100
0.9,26,48,100
1.2,26,48,100
0.9,26,48,100
0.8,26,48,100
0.6,26,48,100
0.9,26,48,100
1.0,26,48,100
1.0,26,47,100
0.7,26,47,100
0.8,26,47,100
0.8,26,47,100
0.9,26,48,100
0.9,26,47,100
0.8,26,48,100
0.9,26,47,100
0.8,26,47,100
1.1,26,47,100
1.0,26,47,100
0.9,26,47,100
0.7,26,47,100
1.1,26,47,100
1.1,26,47,100
1.1,26,47,100
1.1,26,47,100
1.0,26,47,100
1.2,26,47,100
1.2,26,47,100
1.1,26,47,100
1.2,26,47,100
0.7,26,47,100
0.8,26,47,100
0.7,26,47,100
0.8,26,47,100
0.8,26,47,100
0.6,26,47,100
1.0,26,47,100
0.8,26,47,100
0.9,26,47,100
0.8,26,47,100
0.9,26,47,100
0.8,26,47,100
0.8,26,47,100
0.6,26,47,100
0.8,26,47,100
1.1,26,47,100
0.1,26,47,100
0.7,26,47,100
1.2,26,47,100
1.1,26,47,100
1.2,26,47,100
1.1,26,47,100
1.0,26,47,100
1.0,26,47,100
1.2,26,47,100
1.2,26,47,100
1.1,26,47,100
0.8,26,47,100
0.2,26,47,100
0.1,26,47,100
0.0,26,47,100
0.1,26,46,100
0.5,26,46,100
1.6,26,47,100
1.5,26,49,100
1.5,26,49,100
0.7,26,49,100
0.3,26,49,100
1.1,26,49,100
0.8,26,49,100
0.7,26,50,100
1.0,26,50,100
1.2,26,50,100
1.2,26,49,100
1.0,26,49,100
1.0,26,49,100
0.6,26,49,100
1.0,26,49,100
1.3,26,49,100
1.1,26,49,100
1.3,26,49,100
1.2,26,49,100
1.2,26,50,100
1.3,26,50,100
1.3,26,50,100
1.4,26,50,100
1.3,26,50,100
1.2,26,49,100
1.2,26,50,100
1.2,26,49,100
1.0,26,49,100
1.2,26,49,100
1.2,26,49,100
1.2,26,49,100
1.3,26,49,100
1.2,26,49,100
0.7,26,49,100
0.6,26,49,100
1.1,26,49,100
1.0,26,48,100
1.1,26,49,100
1.2,26,49,100
1.2,26,49,100
1.2,26,49,100
1.2,26,49,100
1.2,26,48,100
1.2,26,48,100
1.2,26,49,100
1.1,26,49,100
1.3,26,49,100
1.2,26,49,100
1.2,26,49,100
1.2,26,49,100
1.0,26,49,100
1.1,26,49,100
1.1,26,49,100
1.1,26,49,100
1.2,26,49,100
1.2,26,49,100
1.2,26,49,100
1.2,26,49,100
1.3,26,49,100
1.2,26,49,100
1.1,26,49,100
0.9,26,49,100
1.0,26,48,100
1.1,26,48,100
1.0,26,48,100
1.0,26,48,100
1.0,26,48,100
0.9,26,48,100
0.9,26,48,100
0.9,26,48,100
1.1,26,48,100
1.2,26,48,100
1.2,26,48,100
1.0,26,49,100
0.9,26,48,100
1.1,26,48,100
1.2,26,48,100
1.1,26,48,100
0.9,26,48,100
1.1,26,48,100
0.7,26,48,100
1.0,26,48,100
0.5,26,48,100
0.7,26,48,100
0.8,26,48,100
1.1,26,48,100
1.3,26,48,100
0.7,26,48,100
0.0,26,48,100
0.0,26,48,100
0.4,26,48,100
1.1,26,48,100
1.2,26,48,100
0.9,26,48,100
0.6,26,48,100
0.7,26,48,100
1.2,26,48,100
1.2,26,48,100
1.1,26,48,100
1.1,26,48,100
1.1,26,48,100
1.2,26,48,100
1.1,26,48,100
1.1,26,48,100
1.1,26,48,100
1.0,26,48,100
1.1,26,48,100
1.0,26,48,100
1.0,26,48,100
0.7,26,48,100
0.8,26,48,100
0.8,26,47,100
1.0,26,47,100
1.1,26,47,100
1.1,26,47,100
1.0,26,47,100
1.1,26,48,100
1.0,26,48,100
1.1,26,48,100
1.0,26,48,100
1.0,26,49,100
1.1,26,49,100
1.1,26,49,100
0.7,26,49,100
0.6,26,49,100
0.7,26,49,100
0.5,26,49,100
0.8,26,49,100
0.5,26,48,100
0.9,26,48,100
0.9,26,48,100
0.8,26,47,100
0.8,26,47,100
0.5,26,47,100
0.6,26,48,100
0.7,26,48,100
0.8,26,48,100
0.7,26,48,100
0.7,26,48,100
0.8,26,48,100
0.8,26,48,100
0.7,26,48,100
0.8,26,48,100
0.7,26,49,100
0.6,26,49,100
0.7,26,49,100
0.6,26,49,100
0.6,26,49,100
0.7,26,49,100
0.7,26,49,100
0.6,26,49,100
0.7,26,49,100
0.6,26,49,100
0.7,26,49,100
0.6,26,49,100
0.9,26,49,100
0.5,26,49,100
0.9,26,49,100
0.9,26,49,100
0.9,26,49,100
0.9,26,49,100
0.9,26,49,100
0.9,26,49,100
0.6,26,49,100
0.7,26,49,100
0.8,26,48,100
0.7,26,48,100
0.5,26,48,100
0.6,26,49,100
0.7,26,49,100
0.6,26,49,100
0.7,26,49,100
0.6,26,49,100
0.6,26,49,100
0.6,26,49,100
0.7,26,49,100
0.6,26,49,100
0.5,26,50,100
0.5,26,49,100
0.5,26,50,100
0.6,26,49,100
0.6,26,49,100
0.5,26,49,100
0.7,26,49,100
0.6,26,49,100
0.7,26,49,100
0.7,26,49,100
0.7,26,50,100
0.7,26,49,100
0.7,26,49,100
0.7,26,49,100
0.7,26,48,100
0.7,26,49,100
0.8,26,49,100
0.7,26,49,100
0.7,26,49,100
0.6,26,49,100
0.6,26,49,100
0.7,26,49,100
0.7,26,49,100
0.7,26,49,100
0.7,26,49,100
0.7,26,49,100
0.7,26,49,100
0.7,26,49,100
0.8,26,49,100
0.7,26,49,100
0.8,26,49,100
0.8,26,49,100
0.7,26,49,100
0.8,26,49,100
0.7,26,49,100
0.8,26,49,100
0.8,26,49,100
0.8,26,49,100
0.8,26,49,100
0.7,26,49,100
0.8,26,49,100
0.7,26,49,100
0.7,26,49,100
0.8,26,49,100
0.7,26,49,100
0.7,26,49,100
0.7,26,49,100
0.7,26,49,100
0.7,26,49,100
0.7,26,49,100
0.7,26,49,100
0.8,26,49,100
0.7,26,49,100
0.7,26,48,100
0.7,26,49,100
0.7,26,48,100
0.7,26,48,100
0.8,26,48,100
0.7,26,48,100
0.8,26,48,100
0.8,26,48,100
0.8,26,48,100
0.7,26,48,100
0.8,26,48,100
0.7,26,48,100
0.6,26,48,100
0.7,26,48,100
0.7,26,48,100
0.8,26,48,100
0.7,26,49,100
0.6,26,49,100
0.6,26,49,100
0.7,26,49,100
0.7,26,49,100
0.7,26,49,100
0.7,26,49,100
0.6,26,48,100
0.7,26,49,100
0.7,26,48,100
0.8,26,48,100
0.8,26,48,100
0.8,26,48,100
0.7,26,48,100
0.7,26,48,100
0.6,26,48,100
0.6,26,48,100
0.6,26,48,100
0.7,26,48,100
0.7,26,48,100
0.9,26,48,100
0.8,26,48,100
0.7,26,48,100
0.6,26,48,100
0.7,26,48,100
0.7,26,48,100
0.6,26,48,100
0.6,26,48,100
0.5,26,48,100
0.5,26,48,100
0.6,26,48,100
0.4,26,49,100
0.4,26,49,100
0.7,26,48,100
0.6,26,48,100
0.6,26,48,100
0.8,26,48,100
0.7,26,48,100
0.6,26,48,100
0.6,26,48,100
0.6,26,47,100
0.6,26,48,100
0.6,26,48,100
0.7,26,48,100
0.6,26,48,100
0.7,26,48,100
0.7,26,48,100
0.7,26,48,100
0.7,26,48,100
0.7,26,48,100
0.7,26,48,100
0.7,26,48,100
0.7,26,48,100
0.8,26,48,100
0.6,26,48,100
0.7,26,48,100
0.6,26,49,100
0.7,26,49,100
0.6,26,49,100
0.6,26,49,100
0.7,26,49,100
0.7,26,49,100
0.7,26,49,100
0.8,26,49,100
0.8,26,49,100
0.7,26,48,100
0.8,26,48,100
0.7,26,48,100
0.7,26,48,100
0.6,26,48,100
0.8,26,48,100
1.0,26,48,100
0.8,26,48,100
0.7,26,48,100
0.7,26,48,100
0.7,26,48,100
0.7,26,48,100
0.7,26,48,100
0.6,26,49,100
0.7,26,48,100
0.7,26,49,100
0.7,26,49,100
0.6,26,49,100
0.6,26,49,100
0.7,26,49,100
0.7,26,49,100
0.7,26,49,100
0.9,26,49,100
0.8,26,49,100
0.7,26,49,100
0.8,26,49,100
0.9,26,48,100
0.8,26,48,100
0.8,26,48,100
0.8,26,48,100
0.7,26,49,100
0.8,26,49,100
0.9,26,49,100
0.8,26,49,100
0.8,26,48,100
0.8,26,48,100
0.9,26,48,100
0.8,26,49,100
0.8,26,48,100
0.9,26,49,100
0.8,26,49,100
0.6,26,49,100
0.8,26,49,100
0.7,26,49,100
0.6,26,49,100
0.9,26,49,100
0.9,26,49,100
1.0,26,49,100
1.0,26,49,100
0.8,26,49,100
0.8,26,49,100
0.7,26,49,100
0.7,26,48,100
0.7,26,48,100
0.6,26,48,100
0.6,26,48,100
0.8,26,48,100
0.7,26,49,100
0.6,26,49,100
0.7,26,49,100
0.7,26,48,100
0.6,26,48,100
0.5,26,48,100
0.6,26,49,100
0.7,26,49,100
0.6,26,49,100
0.6,26,49,100
0.6,26,49,100
0.7,26,49,100
0.6,26,49,100
0.6,26,49,100
0.6,26,49,100
0.6,26,49,100
0.6,26,49,100
0.7,26,49,100
0.7,26,49,100
0.6,26,49,100
0.6,26,49,100
0.6,26,49,100
0.7,26,49,100
0.7,26,48,100
0.7,26,48,100
0.9,26,48,100
0.7,26,48,100
0.6,26,48,100
0.6,26,48,100
0.7,26,49,100
0.7,26,48,100
0.7,26,48,100
0.7,26,48,100
0.6,26,48,100
0.8,26,48,100
0.7,26,48,100
0.7,26,49,100
0.6,26,49,100
0.7,26,49,100
0.7,26,49,100
0.7,26,49,100
0.7,26,49,100
0.6,26,49,100
0.5,26,49,100
0.6,26,49,100
0.6,26,49,100
0.6,26,49,100
0.7,26,49,100
0.6,26,49,100
0.7,26,49,100
0.6,26,49,100
0.5,26,48,100
0.4,26,48,100
0.6,26,56,100
0.5,26,52,100
0.5,26,54,100
0.6,26,57,100
0.5,26,53,100
0.7,26,51,100
0.7,26,51,100
0.6,26,50,100
0.7,26,50,100
0.7,26,49,100
0.6,26,49,100
0.6,26,49,100
0.7,26,49,100
0.7,26,49,100
0.7,26,49,100
0.6,26,49,100
0.7,26,49,100
0.6,26,49,100
0.6,26,49,100
0.7,26,49,100
0.7,26,49,100
0.7,26,49,100
0.6,26,49,100
0.6,26,48,100
0.6,26,48,100
0.6,26,48,100
0.6,26,48,100
0.6,26,48,100
0.6,26,48,100
0.5,26,48,100
0.7,26,49,100
0.6,26,49,100
0.6,26,49,100
0.6,26,49,100
0.6,26,49,100
0.5,26,49,100
0.6,26,49,100
0.5,26,49,100
0.6,26,49,100
0.6,26,49,100
0.7,26,49,100
0.6,26,49,100
0.6,26,49,100
0.6,26,49,100
0.5,26,49,100
0.6,26,48,100
0.7,26,48,100
0.6,26,48,100
0.6,26,49,100
0.6,26,49,100
0.6,26,48,100
0.6,26,48,100
0.5,26,48,100
0.0,26,49,100
0.7,26,49,100
0.7,26,49,100
0.0,26,49,100
0.6,26,49,100
0.7,26,49,100
0.7,26,49,100
0.7,26,49,100
0.6,26,49,100
0.5,26,49,100
0.7,26,49,100
0.5,26,49,100
0.6,26,49,100
0.7,26,49,100
0.5,26,49,100
0.7,26,49,100
0.6,26,49,100
0.7,26,49,100
0.5,26,49,100
0.6,26,49,100
0.6,26,49,100
0.5,26,49,100
0.5,26,49,100
0.6,26,49,100
0.5,26,49,100
0.7,26,49,100
0.6,26,49,100
0.5,26,49,100
0.6,26,48,100
0.6,26,49,100
0.5,26,49,100
0.4,26,49,100
0.4,26,49,100
0.5,26,49,100
0.4,26,49,100
0.4,26,49,100
0.6,26,49,100
0.6,26,49,100
0.6,26,49,100
0.6,26,49,100
0.6,26,49,100
0.7,26,49,100
0.6,26,49,100
0.4,26,49,100
0.3,26,49,100
0.4,26,49,100
0.5,26,49,100
0.3,26,49,100
0.4,26,49,100
0.3,26,49,100
0.4,26,49,100
0.4,26,49,100
0.3,26,49,100
0.3,26,49,100
0.4,26,49,100
0.3,26,50,100
0.5,26,50,100
0.4,26,50,100
0.3,26,50,100
0.4,26,50,100
0.5,26,50,100
0.5,26,50,100
0.4,26,50,100
0.5,26,50,100
0.4,26,50,100
0.4,26,49,100
0.5,26,49,100
0.4,26,49,100
0.5,26,49,100
0.4,26,49,100
0.5,26,49,100
0.4,26,49,100
0.4,26,49,100
0.6,26,49,100
0.5,26,49,100
0.4,26,49,100
0.4,26,49,100
0.4,26,49,100
0.5,26,49,100
0.5,26,49,100
0.6,26,49,100
0.6,26,50,100
0.6,26,49,100
0.6,26,50,100
0.6,26,49,100
1.3,26,50,9
1.2,26,50,3
1.2,26,50,4
1.2,26,49,2
1.1,26,50,1
1.2,26,49,6
0.8,26,49,98
0.6,26,49,90
0.5,26,49,90
0.8,26,49,2
1.1,26,49,4
1.1,26,49,100
0.6,26,49,100
0.4,26,49,100
0.5,26,49,100
0.4,26,49,100
0.4,26,49,100
0.5,26,49,100
0.5,26,49,100
0.5,26,49,100
0.5,26,49,100
0.6,26,49,100
0.5,26,49,100
0.5,26,49,100
0.6,26,49,100
0.6,26,49,100
0.5,26,49,100
0.6,26,49,100
0.6,26,49,100
0.6,26,49,100
0.6,26,49,100
0.6,26,49,100
0.6,26,49,100
0.6,26,49,100
0.6,26,49,100
0.6,26,49,100
0.5,26,49,100
0.6,26,49,100
0.6,26,49,100
0.5,26,49,100
0.6,26,49,100
0.7,26,49,100
0.6,26,49,100
0.5,26,49,100
0.5,26,49,100
0.6,26,49,100
0.6,26,49,100
0.6,26,49,100
0.6,26,49,100
0.6,26,49,100
0.6,26,49,100
0.6,26,49,100
0.6,26,49,100
0.6,26,49,100
0.6,26,49,100
0.6,26,49,100
0.6,26,49,100
0.6,26,48,100
0.6,26,49,100
0.6,26,49,100
0.6,26,48,100
0.6,26,49,100
0.5,26,49,100
0.6,26,49,100
0.5,26,49,100
0.7,26,49,100
0.5,26,49,100
0.6,26,49,100
0.7,26,49,100
0.6,26,49,100
0.7,26,49,100
0.6,26,49,100
0.6,26,49,100
0.5,26,49,100
0.6,26,49,100
0.6,26,49,100
0.6,26,49,100
0.6,26,49,100
0.5,26,49,100
0.5,26,49,100
0.6,26,49,100
0.6,26,48,100
0.6,26,48,100
0.6,26,49,100
0.6,26,49,100
0.6,26,49,100
0.6,26,49,100
0.6,26,49,100
0.7,26,49,100
0.6,26,49,100
0.7,26,49,100
0.7,26,49,100
0.7,26,49,100
0.6,26,49,100
0.6,26,49,100
0.6,26,49,100
0.6,26,49,100
0.6,26,49,100
0.6,26,49,100
0.6,26,49,100
0.7,26,49,100
0.6,26,49,100
0.6,26,49,100
0.5,26,49,100
0.5,26,49,100
0.5,26,49,100
0.5,26,49,100
0.5,26,49,100
0.6,26,49,100
0.6,26,49,100
0.6,26,49,100
0.6,26,49,100
0.5,26,49,100
0.5,26,49,100
0.6,26,49,100
0.6,26,49,100
0.6,26,49,100
0.5,26,49,100
0.6,26,49,100
0.6,26,49,100
0.6,26,49,100
0.5,26,49,100
0.6,26,49,100
0.5,26,49,100
0.7,26,49,100
0.5,26,49,100
0.5,26,49,100
0.5,26,49,100
0.6,26,49,100
0.6,26,49,100
0.5,26,49,100
0.6,26,49,100
0.7,26,49,100
0.6,26,48,100
0.5,26,48,100
0.2,26,48,100
0.4,26,49,100
0.5,26,49,100
0.6,26,49,100
0.5,26,49,100
0.6,26,49,100
0.6,26,49,100
0.7,26,49,100
0.6,26,49,100
0.6,26,49,100
0.6,26,49,100
0.7,26,49,100
0.7,26,49,100
0.6,26,49,100
0.7,26,49,100
0.6,26,49,100
0.6,26,49,100
0.6,26,49,100
0.5,26,49,100
0.6,26,49,100
0.6,26,49,100
0.7,26,49,100
0.6,26,49,100
0.7,26,48,100
0.5,26,48,100
0.6,26,48,100
0.5,26,48,100
0.5,26,49,100
0.6,26,49,100
0.7,26,48,100
0.6,26,48,100
0.5,26,48,100
0.6,26,48,100
0.5,26,48,100
0.5,26,48,100
0.6,26,48,100
0.6,26,48,100
0.6,26,48,100
0.5,26,49,100
0.7,26,49,100
1.0,26,49,100
1.0,26,49,100
1.1,26,49,100
0.6,26,49,100
0.6,26,49,100
0.7,26,49,100
0.8,26,49,100
0.6,26,48,100
0.9,26,48,100
0.9,26,48,100
1.0,26,48,100
1.0,26,48,100
1.0,26,48,100
1.0,26,48,100
1.1,26,48,100
1.0,26,48,100
1.0,26,48,100
1.1,26,48,100
1.1,26,48,100
1.0,26,48,100
1.1,26,48,100
1.1,26,48,100
1.1,26,48,100
1.1,26,48,100
1.1,26,48,100
1.0,26,48,100
1.1,26,48,100
1.1,26,48,100
1.1,26,48,100
1.1,26,48,100
1.1,26,48,100
1.0,26,48,100
1.1,26,48,100
1.0,26,47,100
1.0,26,48,100
1.0,26,48,100
1.1,26,48,100
1.0,26,48,100
1.0,26,48,100
1.0,26,47,100
1.1,26,47,100
1.1,26,47,100
1.0,26,48,100
1.0,26,48,100
1.1,26,48,100
1.1,26,48,100
1.1,26,48,100
1.0,26,48,100
1.1,26,48,100
1.1,26,48,100
1.1,26,48,100
1.1,26,48,100
1.0,26,48,100
1.1,26,48,100
1.1,26,48,100
1.0,26,48,100
1.0,26,48,100
1.0,26,48,100
1.0,26,48,100
1.0,26,48,100
1.0,26,48,100
1.0,26,48,100
1.0,26,48,100
1.1,26,48,100
1.0,26,48,100
1.0,26,48,100
1.0,26,48,100
1.0,26,48,100
1.1,26,48,100
1.1,26,48,100
1.0,26,48,100
1.0,26,48,100
1.1,26,48,100
1.0,26,48,100
1.0,26,48,100
1.0,26,48,100
1.1,26,48,100
1.1,26,48,100
1.0,26,48,100
1.0,26,48,100
1.1,26,48,100
1.0,26,48,100
1.0,26,48,100
1.0,26,48,100
1.1,26,48,100
1.1,26,48,100
1.0,26,48,100
1.0,26,48,100
1.0,26,48,100
1.0,26,48,100
1.1,26,48,100
1.1,26,48,100
1.0,26,48,100
1.1,26,48,100
1.0,26,48,100
1.1,26,48,100
1.1,26,48,100
1.0,26,48,100
1.1,26,48,100
1.0,26,48,100
1.0,26,48,100
1.1,26,48,100
1.1,26,48,100
1.0,26,48,100
1.1,26,48,100
1.0,26,48,100
1.0,26,48,100
1.1,26,48,100
1.0,26,48,100
0.9,26,48,100
1.0,26,48,100
1.1,26,48,100
1.1,26,48,100
1.0,26,48,100
1.1,26,48,100
0.9,26,48,100
1.1,26,48,100
1.0,26,48,100
1.1,26,48,100
1.1,26,48,100
1.1,26,48,100
1.0,26,48,100
1.1,26,48,100
1.0,26,48,100
1.0,26,48,100
1.1,26,48,100
0.9,26,48,100
1.1,26,48,100
1.1,26,48,100
1.2,26,48,100
1.1,26,48,100
1.1,26,48,100
1.1,26,48,100
1.1,26,48,100
1.1,26,48,100
1.0,26,48,100
1.0,26,48,100
1.1,26,48,100
1.1,26,48,100
1.1,26,48,100
0.7,26,48,100
0.6,26,48,100
0.7,26,48,100
0.9,26,48,100
1.1,26,48,100
1.1,26,48,100
1.0,26,48,100
1.1,26,48,100
1.0,26,48,100
1.0,26,48,100
1.0,26,48,100
1.0,26,48,100
1.0,26,48,100
1.0,26,48,100
1.0,26,48,100
1.0,26,48,100
1.1,26,48,100
1.0,26,48,100
1.0,26,48,100
1.1,26,48,100
1.0,26,48,100
1.1,26,48,100
1.1,26,48,100
1.1,26,48,100
1.0,26,48,100
1.1,26,48,100
1.1,26,48,100
1.1,26,48,100
1.0,26,48,100
1.0,26,48,100
1.1,26,48,100
1.1,26,48,100
1.0,26,48,100
1.0,26,48,100
1.0,26,48,100
1.0,26,48,100
1.0,26,48,100
1.1,26,48,100
1.1,26,48,100
1.0,26,48,100
1.0,26,48,100
1.1,26,47,100
1.0,26,48,100
1.0,26,47,100
1.0,26,48,100
1.1,26,48,100
1.0,26,48,100
1.0,26,47,100
1.1,26,47,100
1.1,26,48,100
1.1,26,48,100
1.1,26,48,100
1.1,26,48,100
1.0,26,48,100
1.0,26,48,100
0.9,26,49,100
1.0,26,49,100
1.0,26,49,100
1.0,26,49,100
1.1,26,49,100
1.0,26,49,100
1.1,26,49,100
1.0,26,49,100
1.1,26,49,100
1.0,26,49,100
1.0,26,49,100
1.1,26,48,100
1.0,26,48,100
1.0,26,48,100
1.0,26,48,100
1.0,26,48,100
1.1,26,48,100
1.1,26,47,100
1.0,26,48,100
1.0,26,48,100
1.0,26,48,100
1.0,26,48,100
1.0,26,48,100
1.0,26,49,100
1.0,26,49,100
1.0,26,49,100
1.0,26,49,100
0.9,26,49,100
0.7,26,49,100
0.9,26,49,100
1.0,26,49,100
1.0,26,49,100
1.0,26,49,100
1.0,26,49,100
1.0,26,49,100
1.0,26,48,100
1.1,26,48,100
1.1,26,48,100
1.0,26,48,100
1.0,26,48,100
0.9,26,48,100
1.1,26,49,100
1.1,26,48,100
1.0,26,48,100
1.0,25,47,100
1.1,25,47,100
1.1,25,47,100
0.9,25,47,100
1.1,25,48,100
1.0,25,48,100
1.1,25,48,100
1.1,25,48,100
1.1,25,48,100
1.1,25,48,100
1.0,25,48,100
1.0,25,47,100
1.0,25,47,100
1.1,25,47,100
1.0,25,47,100
1.1,25,47,100
1.1,25,48,100
1.0,25,48,100
1.1,25,47,100
1.0,25,47,100
1.1,25,47,100
1.0,25,47,100
1.0,25,48,100
1.1,25,48,100
1.0,25,48,100
1.1,25,48,100
1.0,25,48,100
1.0,25,48,100
1.1,25,48,100
1.1,25,48,100
1.0,25,48,100
0.9,25,48,100
1.0,25,49,100
0.9,25,49,100
1.0,25,49,100
1.1,25,49,100
1.0,25,49,100
1.0,25,49,100
1.1,25,49,100
1.0,25,49,100
1.0,25,49,100
1.0,25,49,100
1.0,25,49,100
1.1,25,49,100
1.0,25,49,100
1.0,25,49,100
1.0,25,48,100
0.9,25,48,100
1.0,25,48,100
1.0,25,48,100
1.1,25,48,100
0.9,25,48,100
1.1,25,48,100
1.0,25,48,100
1.0,25,48,100
1.1,25,48,100
0.9,25,48,100
1.1,25,48,100
1.0,25,48,100
1.1,25,48,100
1.1,25,49,100
1.0,25,49,100
1.1,25,49,100
1.0,25,49,100
1.0,25,49,100
1.1,25,49,100
1.1,25,49,100
1.0,25,48,100
1.1,25,48,100
1.1,25,48,100
1.2,25,48,100
1.1,25,48,100
1.1,25,47,100
1.0,25,47,100
1.0,25,48,100
1.0,25,48,100
1.1,25,48,100
1.1,25,47,100
1.1,25,47,100
1.1,25,47,100
1.1,25,47,100
1.0,25,48,100
1.1,25,48,100
1.1,25,48,100
1.0,25,48,100
1.0,25,48,100
1.1,25,48,100
1.1,25,48,100
1.0,25,48,100
1.0,25,48,100
1.0,25,48,100
1.1,25,48,100
1.1,25,48,100
1.1,25,48,100
1.0,25,48,100
1.0,25,48,100
1.0,25,48,100
1.0,25,47,100
1.1,25,47,100
1.1,25,47,100
1.0,25,48,100
0.9,25,48,100
1.1,25,48,100
1.1,25,47,100
1.0,25,47,100
0.9,25,47,100
1.0,25,47,100
1.0,25,48,100
1.0,25,48,100
1.0,25,48,100
1.1,25,48,100
1.1,25,48,100
0.9,25,48,100
1.1,25,48,100
1.0,25,48,100
1.0,25,48,100
1.0,25,48,100
1.0,25,48,100
1.1,25,48,100
1.1,25,48,100
1.0,25,48,100
1.1,25,48,100
1.0,25,48,100
1.0,25,48,100
1.0,26,49,100
1.0,26,49,100
1.0,26,49,100
1.0,26,49,100
1.0,26,48,100
1.1,26,48,100
1.0,26,48,100
0.9,26,48,100
1.0,26,48,100
1.0,26,48,100
1.1,26,49,100
1.0,26,49,100
0.9,26,49,100
1.1,26,49,100
1.1,26,49,100
1.0,26,48,100
0.9,26,49,100
0.9,26,49,100
1.0,26,49,100
1.0,26,49,100
1.0,26,49,100
1.0,26,49,100
1.0,26,49,100
1.1,26,48,100
1.0,26,48,100
1.1,26,48,100
1.0,26,48,100
0.9,26,48,100
1.0,26,48,100
1.1,26,48,100
1.0,26,48,100
1.0,26,48,100
1.1,26,48,100
1.1,26,48,100
1.1,26,48,100
1.0,26,48,100
1.1,26,48,100
1.1,26,48,100
1.1,26,48,100
1.0,26,48,100
1.1,26,48,100
1.0,26,48,100
1.2,26,48,100
1.1,26,48,100
1.0,26,48,100
1.1,26,48,100
1.0,26,48,100
1.1,26,48,100
1.2,26,47,100
1.0,26,47,100
1.0,26,47,100
0.9,26,47,100
1.0,26,48,100
1.0,26,47,100
1.0,26,47,100
0.9,26,47,100
1.1,26,47,100
1.1,26,48,100
1.0,26,47,100
1.0,26,48,100
1.0,26,48,100
1.1,26,48,100
1.0,26,48,100
1.0,26,48,100
0.6,26,48,100
0.6,26,48,100
0.5,26,48,100
0.5,26,48,100
0.5,26,48,100
0.5,26,48,100
0.6,26,48,100
0.5,26,48,100
0.5,26,48,100
0.6,26,48,100
0.5,26,48,100
0.5,26,48,100
0.6,26,48,100
0.5,26,48,100
1.2,26,49,100
1.2,26,49,100
1.2,26,49,100
1.0,26,49,100
1.1,26,49,100
1.1,26,49,100
1.1,26,49,100
1.2,26,49,100
1.2,26,49,100
1.1,26,48,100
1.1,26,48,100
1.2,26,48,100
1.2,26,48,100
1.2,26,48,100
1.2,26,48,100
1.2,26,48,100
1.2,26,48,100
1.2,26,48,100
1.1,26,48,100
0.9,26,48,100
1.1,26,48,100
1.1,26,48,100
1.2,26,48,100
0.7,26,48,100
1.1,26,48,100
0.8,26,48,100
0.7,26,48,100
1.2,26,48,100
1.2,26,48,100
1.2,26,48,100
1.2,26,48,100
1.0,26,48,100
1.2,26,48,100
1.1,26,49,100
0.8,26,48,100
0.8,26,48,100
0.9,26,48,100
0.8,26,48,100
0.8,26,48,100
0.7,26,48,100
0.7,26,48,100
0.8,26,48,100
0.8,26,48,100
0.8,26,48,100
0.8,26,48,100
0.7,26,48,100
0.8,26,48,100
0.8,26,48,100
0.7,26,48,100
0.9,26,49,100
0.9,26,49,100
0.8,26,49,100
0.9,26,49,100
0.6,26,49,100
0.7,26,49,100
0.7,26,49,100
0.7,26,49,100
0.7,26,49,100
0.7,26,49,100
0.8,26,49,100
0.8,26,49,100
0.7,26,49,100
0.7,26,49,100
0.8,26,48,100
0.8,26,48,100
0.8,26,48,100
0.6,26,48,100
0.6,26,48,100
0.7,26,48,100
0.7,26,48,100
0.7,26,48,100
0.7,26,48,100
0.7,26,49,100
0.8,26,49,100
0.7,26,49,100
0.6,26,49,100
0.7,26,49,100
0.7,26,49,100
0.7,26,49,100
0.7,26,49,100
0.7,26,49,100
0.6,26,49,100
0.6,26,49,100
0.7,26,49,100
0.6,26,49,100
0.8,26,49,100
0.6,26,48,100
0.7,26,48,100
0.6,26,49,100
0.6,26,49,100
0.6,26,49,100
0.8,26,49,100
0.7,26,49,100
0.7,26,48,100
0.8,26,48,100
0.6,26,48,100
0.7,26,49,100
0.6,26,49,100
0.6,26,49,100
0.7,26,49,100
0.7,26,49,100
0.6,26,49,100
0.7,26,49,100
0.7,26,49,100
0.6,26,49,100
0.7,26,49,100
0.7,26,48,100
0.7,26,49,100
0.6,26,48,100
0.6,26,48,100
0.6,26,48,100
0.6,26,48,100
0.6,26,48,100
0.6,26,48,100
0.7,26,48,100
0.5,26,48,100
0.7,26,48,100
0.6,26,48,100
0.7,26,48,100
0.6,26,48,100
0.5,26,48,100
0.6,26,48,100
0.6,26,49,100
0.7,26,49,100
0.6,26,49,100
0.7,26,49,100
0.5,26,49,100
0.6,26,49,100
0.6,26,49,100
0.6,26,49,100
0.6,26,49,100
0.6,26,49,100
0.7,26,49,100
0.7,26,49,100
0.5,26,49,100
0.7,26,48,100
0.7,26,48,100
0.6,26,48,100
0.7,26,48,100
0.7,26,48,100
0.5,26,48,100
0.6,26,48,100
0.5,26,48,100
0.7,26,48,100
0.7,26,48,100
0.5,26,48,100
0.6,26,48,100
0.6,26,48,100
0.6,26,49,100
0.6,26,49,100
0.6,26,49,100
0.6,26,49,100
0.6,26,49,100
0.6,26,49,100
0.6,26,49,100
0.6,26,49,100
0.5,26,49,100
0.7,26,49,100
0.6,26,49,100
0.5,26,49,100
0.4,26,49,100
0.7,26,48,100
0.5,26,48,100
0.5,26,48,100
0.4,26,48,100
0.5,26,48,100
0.4,26,49,100
0.5,26,48,100
0.4,26,48,100
0.5,26,48,100
0.4,26,48,100
0.4,26,49,100
0.5,26,49,100
0.5,26,49,100
0.4,26,49,100
0.5,26,49,100
0.4,26,49,100
0.5,26,49,100
0.5,26,49,100
0.5,26,49,100
0.5,26,49,100
0.4,26,49,100
0.4,26,49,100
0.5,26,49,100
1.2,26,49,3
1.0,26,49,3
1.0,26,48,4
1.0,26,49,0
1.0,26,49,2
0.5,26,49,100
0.5,26,49,100
0.5,26,48,100
0.4,26,48,100
0.5,26,48,100
0.5,26,48,100
0.4,26,48,100
0.4,26,49,100
0.6,26,49,100
0.6,26,49,100
0.6,26,49,100
0.7,26,49,100
0.7,26,49,100
0.7,26,49,100
0.7,26,49,100
0.4,26,49,100
0.5,26,49,100
0.7,26,49,100
0.7,26,49,100
0.7,26,49,100
0.8,26,49,100
0.5,26,49,100
1.1,26,49,100
0.9,26,49,100
1.1,26,49,100
1.0,26,49,100
0.9,26,49,100
0.6,26,49,100
0.9,26,48,100
0.9,26,49,100
1.1,26,49,100
0.6,26,49,100
0.9,26,50,100
1.0,26,50,100
0.9,26,50,100
0.3,26,50,100
0.6,26,50,100
0.4,26,50,100
0.5,26,50,100
0.7,26,49,100
0.6,26,49,100
0.6,26,49,100
0.8,26,49,100
0.6,26,48,100
0.8,26,48,100
0.7,26,48,100
1.1,26,49,100
1.1,26,49,100
1.0,26,49,100
0.9,26,49,100
1.1,26,49,100
0.8,26,49,100
0.9,26,49,100
0.8,26,50,100
1.0,26,50,100
0.7,26,50,100
0.9,26,50,100
1.1,26,50,100
1.2,26,50,100
1.2,26,50,100
1.3,26,50,100
1.2,26,50,100
1.2,26,50,100
1.1,26,50,100
1.2,26,49,100
1.3,26,49,100
1.2,26,49,100
1.2,26,49,100
1.2,26,49,100
1.3,26,49,100
1.3,26,49,100
1.3,26,49,100
1.2,26,49,100
1.2,26,49,100
1.1,26,49,100
1.3,26,49,100
1.3,26,49,100
1.3,26,49,100
1.2,26,49,100
1.2,26,49,100
1.2,26,49,100
1.2,26,49,100
1.3,26,49,100
1.2,26,49,100
0.6,26,49,100
0.6,26,49,100
0.7,26,49,100
0.5,26,49,100
0.6,26,49,100
0.6,26,49,100
0.5,26,49,100
0.0,26,49,100
0.6,26,49,100
0.6,26,48,100
0.6,26,49,100
0.5,26,49,100
0.5,26,49,100
0.5,26,49,100
0.5,26,49,100
0.5,26,49,100
0.5,26,49,100
0.5,26,49,100
0.6,26,49,100
0.5,26,49,100
0.5,26,49,100
0.6,26,49,100
0.6,26,49,100
0.6,26,49,100
0.6,26,49,100
0.5,26,49,100
0.5,26,49,100
0.7,26,49,100
0.6,26,49,100
1.3,26,49,2
1.2,26,49,30
1.1,26,49,3
1.2,26,49,1
0.6,26,49,100
0.7,26,49,100
0.6,26,49,100
0.6,26,49,100
0.7,26,49,100
0.5,26,49,100
0.6,26,49,100
0.7,26,49,100
0.5,26,49,100
0.6,26,49,100
0.5,26,49,100
0.7,26,49,100
0.6,26,49,100
0.8,26,49,100
0.6,26,49,100
0.5,26,49,100
0.5,26,49,100
0.6,26,49,100
0.5,26,49,100
0.6,26,49,100
0.5,26,49,100
0.5,26,49,100
0.6,26,49,100
0.5,26,49,100
0.6,26,49,100
0.6,26,49,100
0.6,26,49,100
0.6,26,49,100
0.6,26,49,100
0.6,26,49,100
0.6,26,49,100
0.5,26,48,100
0.6,26,48,100
0.6,26,48,100
0.7,26,49,100
0.7,26,49,100
0.6,26,49,100
0.7,26,49,100
0.5,26,49,100
0.6,26,49,100
0.6,26,49,100
0.6,26,49,100
0.6,26,49,100
0.5,26,48,100
0.5,26,48,100
0.6,26,48,100
0.5,26,48,100
0.6,26,48,100
0.5,26,48,100
0.5,26,48,100
0.6,26,49,100
0.6,26,49,100
0.6,26,48,100
0.6,26,48,100
0.6,26,49,100
0.5,26,49,100
0.5,26,49,100
0.5,26,49,100
0.5,26,49,100
0.6,26,49,100
0.4,26,49,100
0.5,26,48,100
0.5,26,49,100
0.6,26,49,100
0.6,26,48,100
0.5,26,48,100
0.5,26,49,100
0.5,26,49,100
0.6,26,49,100
0.5,26,49,100
0.5,26,48,100
0.6,26,48,100
0.6,26,48,100
0.5,26,48,100
0.6,26,48,100
0.6,26,49,100
0.5,26,49,100
0.5,26,48,100
0.6,26,49,100
0.6,26,49,100
0.6,26,48,100
0.6,26,49,100
0.6,26,49,100
0.6,26,49,100
0.6,26,49,100
0.6,26,49,100
0.6,26,49,100
0.7,26,49,100
0.5,26,49,100
0.5,26,49,100
0.5,26,49,100
0.5,26,49,100
0.6,26,49,100
0.6,26,49,100
0.6,26,49,100
0.4,26,49,100
0.5,26,49,100
0.5,26,48,100
0.5,26,48,100
0.6,26,48,100
0.6,26,49,100
0.5,26,49,100
0.6,26,49,100
0.6,26,49,100
0.7,26,48,100
0.5,26,48,100
0.6,26,48,100
0.5,26,48,100
0.5,26,49,100
0.5,26,49,100
0.6,26,49,100
0.6,26,49,100
0.6,26,49,100
0.6,26,49,100
0.6,26,49,100
0.5,26,49,100
0.5,26,49,100
0.6,26,49,100
0.6,26,49,100
0.6,26,49,100
0.4,26,49,100
0.4,26,49,100
0.5,26,48,100
0.4,26,48,100
0.5,26,48,100
0.5,26,49,100
0.6,26,49,100
0.6,26,49,100
0.5,26,49,100
0.6,26,49,100
0.6,26,49,100
0.6,26,49,100
0.5,26,49,100
0.6,26,49,100
0.6,26,49,100
0.6,26,49,100
0.6,26,49,100
0.6,26,49,100
0.5,26,49,100
0.5,26,49,100
0.6,26,49,100
0.6,26,49,100
0.6,26,49,100
0.5,26,49,100
0.6,26,49,100
0.6,26,49,100
0.5,26,49,100
0.5,26,48,100
0.5,26,48,100
0.6,26,48,100
0.5,26,48,100
0.6,26,49,100
0.6,26,49,100
0.6,26,49,100
0.5,26,48,100
0.6,26,48,100
0.5,26,48,100
0.5,26,48,100
0.5,26,49,100
0.5,26,49,100
0.5,26,49,100
0.5,26,49,100
0.6,26,49,100
0.6,26,49,100
0.4,26,49,100
0.6,26,49,100
0.6,26,49,100
0.5,26,49,100
0.6,26,49,100
0.5,26,49,100
0.6,26,49,100
0.5,26,49,100
0.5,26,49,100
0.6,26,49,100
0.5,26,49,100
0.6,26,49,100
0.5,26,49,100
0.6,26,49,100
0.6,26,49,100
0.7,26,49,100
0.6,26,49,100
0.5,26,49,100
0.7,26,49,100
0.6,26,49,100
0.6,26,49,100
0.7,26,49,100
0.5,26,49,100
0.6,26,49,100
0.5,26,49,100
0.7,26,49,100
0.6,26,49,100
0.7,26,49,100
0.6,26,49,100
0.5,26,49,100
0.5,26,49,100
0.6,26,49,100
0.6,26,49,100
0.6,26,49,100
0.6,26,49,100
0.6,26,49,100
0.6,26,49,100
0.6,26,49,100
0.6,26,49,100
0.5,26,49,100
0.5,26,49,100
0.5,26,49,100
0.5,26,49,100
0.5,26,49,100
0.5,26,49,100
0.5,26,49,100
0.5,26,49,100
0.5,26,49,100
0.5,26,49,100
0.5,26,49,100
0.5,26,49,100
0.5,26,49,100
0.5,26,49,100
0.7,26,49,100
0.6,26,49,100
0.6,26,49,100
0.6,26,49,100
0.6,26,49,100
0.6,26,49,100
0.6,26,49,100
0.5,26,49,100
0.6,26,49,100
0.6,26,49,100
0.5,26,49,100
0.6,26,49,100
0.6,26,49,100
0.5,26,49,100
0.5,26,49,100
0.5,26,49,100
0.5,26,49,100
0.6,26,49,100
0.6,26,49,100
0.4,26,49,100
0.4,26,49,100
0.5,26,49,100
0.5,26,49,100
0.5,26,50,100
0.5,26,50,100
0.5,26,50,100
0.5,26,50,100
0.5,26,50,100
0.6,26,49,100
0.6,26,49,100
0.6,26,49,100
0.5,26,49,100
0.6,26,49,100
0.4,26,49,100
0.3,26,49,100
0.3,26,49,100
0.5,26,49,100
0.4,26,49,100
0.5,26,49,100
0.7,26,49,100
0.5,26,49,100
0.5,26,49,100
0.5,26,49,100
0.6,26,49,100
0.6,26,49,100
0.5,26,49,100
0.5,26,50,100
0.5,26,50,100
0.4,26,49,100
0.5,26,50,100
0.6,26,49,100
0.5,26,49,100
0.5,26,50,100
0.6,26,50,100
0.5,26,49,100
0.5,26,49,100
0.5,26,49,100
0.5,26,49,100
0.4,26,49,100
0.4,26,49,100
0.5,26,49,100
0.5,26,49,100
0.4,26,49,100
0.4,26,49,100
0.5,26,49,100
0.5,26,49,100
0.5,26,49,100
0.5,26,49,100
0.5,26,49,100
0.5,26,49,100
0.5,26,49,100
0.4,26,49,100
0.4,26,49,100
0.5,26,49,100
0.6,26,49,100
0.4,26,50,100
0.4,26,49,100
0.5,26,49,100
0.4,26,50,100
0.4,26,49,100
0.4,26,49,100
0.4,26,49,100
0.3,26,49,100
0.4,26,49,100
0.4,26,49,100
0.5,26,49,100
0.7,26,49,100
0.6,26,49,100
0.7,26,49,100
0.8,26,49,100
1.0,26,49,100
0.9,26,49,100
0.5,26,49,100
0.4,26,49,100
0.5,26,49,100
0.5,26,50,100
0.6,26,49,100
0.6,26,49,100
0.5,26,49,100
0.6,26,49,100
0.6,26,49,100
0.7,26,49,100
0.6,26,49,100
0.6,26,49,100
0.5,26,49,100
0.6,26,49,100
0.6,26,49,100
0.6,26,48,100
0.6,26,48,100
0.5,26,48,100
0.5,26,48,100
0.5,26,49,100
0.5,26,49,100
0.5,26,49,100
0.6,26,49,100
0.5,26,49,100
0.6,26,49,100
0.5,26,49,100
0.6,26,49,100
0.6,26,49,100
0.7,26,49,100
0.6,26,49,100
0.6,26,49,100
0.6,26,49,100
0.6,26,50,100
0.6,26,50,100
0.7,26,50,100
0.7,26,50,100
0.6,26,50,100
0.6,26,50,100
0.4,26,50,100
0.7,26,49,100
1.0,26,49,100
1.3,26,49,100
1.3,26,49,100
1.4,26,49,100
0.8,26,49,100
1.3,26,49,100
1.2,26,49,100
0.3,26,49,100
0.9,26,49,100
1.0,26,49,100
0.9,26,49,100
0.9,26,49,100
0.9,26,49,100
0.9,26,49,100
1.0,26,48,100
1.1,26,49,100
0.9,26,49,100
1.0,26,49,100
1.1,26,49,100
1.2,26,49,100
0.9,26,49,100
0.9,26,49,100
0.9,26,49,100
1.1,26,49,100
0.9,26,49,100
1.1,26,48,100
1.1,26,48,100
1.0,26,48,100
1.1,26,48,100
1.1,26,48,100
1.1,26,48,100
1.1,26,48,100
1.0,26,48,100
1.0,26,49,100
1.1,26,49,100
1.1,26,49,100
1.0,26,49,100
1.2,26,49,100
1.1,26,48,100
1.0,26,49,100
1.1,26,49,100
1.2,26,49,100
1.1,26,49,100
1.1,26,49,100
1.1,26,49,100
1.0,26,49,100
1.0,26,49,100
1.0,26,49,100
1.1,26,49,100
1.1,27,49,100
1.0,27,49,100
0.9,27,48,100
1.1,27,48,100
1.1,27,48,100
1.0,27,48,100
1.0,27,48,100
1.1,27,48,100
1.0,27,48,100
1.1,27,48,100
1.0,27,48,100
1.0,27,48,100
1.1,27,48,100
1.0,27,48,100
1.1,27,48,100
1.1,27,48,100
1.0,27,48,100
1.1,27,48,100
1.0,27,48,100
1.0,27,49,100
1.0,27,48,100
1.1,27,48,100
0.9,27,48,100
1.1,27,48,100
1.0,27,48,100
1.0,27,48,100
1.0,27,48,100
1.0,27,48,100
0.9,27,48,100
0.9,27,48,100
0.9,27,48,100
1.0,27,48,100
1.1,27,48,100
0.9,27,48,100
1.1,27,48,100
1.0,27,48,100
1.1,27,48,100
1.1,27,48,100
1.0,27,48,100
1.1,27,48,100
1.1,27,48,100
0.8,27,48,100
1.0,27,48,100
1.0,27,48,100
1.0,27,48,100
1.2,27,48,100
1.0,27,48,100
1.1,27,48,100
1.0,27,48,100
0.6,27,48,100
0.7,27,48,100
1.1,27,48,100
1.2,27,48,100
0.6,27,48,100
1.3,27,48,100
0.8,27,47,100
0.4,27,48,100
0.5,27,48,100
1.1,27,48,100
1.1,27,48,100
1.2,27,48,100
1.1,27,48,100
1.0,27,48,100
1.0,27,48,100
1.0,27,48,100
1.1,27,48,100
1.2,27,48,100
1.2,27,48,100
1.3,27,48,100
1.1,27,48,100
1.1,27,48,100
1.0,27,48,100
1.3,27,48,100
1.4,27,48,100
1.1,27,48,100
1.3,27,48,100
1.2,27,48,100
1.1,27,48,100
1.1,27,48,100
1.2,27,48,100
1.2,27,48,100
1.0,27,48,100
1.1,27,48,100
1.2,27,48,100
1.3,27,48,100
1.2,27,48,100
1.2,27,48,100
1.3,27,48,100
1.4,27,48,100
1.2,27,48,100
1.3,27,48,100
1.1,27,48,100
1.1,27,48,100
1.1,27,48,100
1.4,27,48,100
1.3,27,48,100
1.3,27,48,100
1.5,27,48,100
1.6,27,48,100
1.2,27,48,100
1.3,27,48,100
1.5,27,48,100
1.2,27,48,100
1.4,27,48,100
1.3,27,48,100
1.2,27,48,100
1.3,27,48,100
1.2,27,48,100
1.2,27,48,100
1.3,27,48,100
1.3,27,48,100
1.2,27,48,100
1.2,27,48,100
1.2,27,48,100
1.1,27,48,100
1.1,27,48,100
1.1,27,48,100
1.2,27,49,100
1.1,27,49,100
1.1,27,49,100
1.1,27,49,100
1.2,27,49,100
1.1,27,49,100
1.3,27,49,100
1.3,27,49,100
1.2,27,49,100
1.2,27,49,100
1.3,27,49,100
1.2,27,49,100
1.3,27,49,100
1.2,27,49,100
1.1,27,49,100
1.1,27,49,100
1.2,27,49,100
1.2,26,49,100
1.3,26,48,100
1.2,26,48,100
1.2,26,49,100
1.4,26,49,100
1.3,26,49,100
1.1,26,49,100
1.2,26,49,100
1.2,26,49,100
1.2,26,49,100
1.2,26,49,100
1.2,26,49,100
1.2,26,49,100
1.2,26,49,100
1.3,26,49,100
1.2,26,49,100
1.2,26,49,100
1.3,26,49,100
1.1,26,49,100
1.1,26,49,100
1.1,26,49,100
1.0,26,49,100
1.0,26,49,100
1.2,26,49,100
1.1,26,49,100
1.1,26,49,100
1.2,26,49,100
1.1,26,49,100
1.1,26,50,100
1.1,26,50,100
1.1,26,50,100
1.3,26,50,100
1.2,26,50,100
1.1,26,50,100
1.2,26,50,100
1.2,26,50,100
1.2,26,50,100
1.2,26,50,100
1.2,26,50,100
1.1,26,50,100
1.1,26,50,100
1.1,26,50,100
1.1,26,50,100
1.2,26,50,100
1.1,26,50,100
1.1,26,50,100
1.2,26,50,100
1.2,26,50,100
1.3,26,50,100
1.3,26,50,100
1.2,26,50,100
1.1,26,49,100
1.1,26,50,100
1.2,26,49,100
1.1,26,49,100
1.4,26,49,100
1.3,26,49,100
1.2,26,50,100
1.3,26,50,100
1.2,26,50,100
1.2,26,50,100
1.2,26,50,100
1.1,26,50,100
1.1,26,50,100
1.1,26,50,100
1.3,26,50,100
1.3,26,50,100
1.2,26,50,100
1.2,26,50,100
1.2,26,50,100
1.3,26,50,100
1.2,26,49,100
1.3,26,49,100
1.3,26,49,100
1.3,26,49,100
1.2,26,49,100
1.3,26,49,100
1.4,26,49,100
1.3,26,49,100
1.4,26,49,100
1.4,26,49,100
1.5,26,49,100
1.5,26,49,100
1.4,26,50,100
1.4,26,50,100
1.4,26,50,100
1.3,26,50,100
1.4,26,50,100
1.3,26,50,100
1.3,26,50,100
1.3,26,50,100
1.3,26,50,100
1.3,26,50,100
1.3,26,50,100
1.1,26,50,100
1.1,26,50,100
1.0,26,49,100
1.0,26,49,100
1.1,26,50,100
1.2,26,50,100
1.1,26,50,100
1.1,26,49,100
1.2,26,49,100
1.1,26,50,100
1.2,26,50,100
1.2,26,50,100
1.4,26,50,100
1.3,26,50,100
1.3,26,50,100
1.2,26,50,100
1.2,26,50,100
1.4,26,50,100
1.4,26,50,100
1.4,26,50,100
1.3,26,50,100
1.2,26,50,100
1.3,26,49,100
1.3,26,49,100
1.4,26,49,100
1.3,26,49,100
1.3,26,49,100
1.2,26,49,100
1.2,26,49,100
1.2,26,49,100
1.2,26,49,100
1.2,26,49,100
1.2,26,50,100
1.2,26,50,100
1.4,26,50,100
1.2,26,50,100
1.3,26,50,100
1.3,26,50,100
1.3,26,50,100
1.2,26,50,100
1.2,26,50,100
1.2,26,50,100
1.3,26,50,100
1.1,26,50,100
1.3,26,50,100
1.2,26,49,100
1.2,26,49,100
1.3,26,49,100
1.2,26,49,100
1.1,26,49,100
1.1,26,49,100
1.1,26,49,100
1.2,26,49,100
1.2,26,49,100
1.3,26,49,100
1.3,26,49,100
1.0,26,50,100
1.2,26,50,100
1.3,26,50,100
1.3,26,50,100
1.3,26,50,100
1.3,26,50,100
1.4,26,50,100
1.3,26,50,100
1.2,26,50,100
1.1,26,50,100
1.3,26,50,100
1.5,26,50,100
1.3,26,49,100
1.3,26,49,100
1.3,26,49,100
1.2,26,49,100
1.2,26,49,100
1.4,26,49,100
1.2,26,49,100
1.2,26,49,100
1.3,26,49,100
1.3,26,49,100
1.2,26,49,100
1.3,26,49,100
1.3,26,49,100
1.3,26,50,100
1.2,26,50,100
1.3,26,50,100
1.2,26,50,100
1.4,26,50,100
1.3,26,50,100
1.3,26,50,100
1.3,26,50,100
1.2,26,50,100
1.3,26,49,100
1.4,26,49,100
1.2,26,49,100
1.3,26,49,100
1.3,26,49,100
1.3,26,49,100
1.2,26,49,100
1.2,26,48,100
1.1,26,48,100
1.2,26,49,100
1.1,26,49,100
1.2,26,49,100
1.2,26,50,100
1.1,26,50,100
1.2,26,50,100
1.2,26,50,100
1.2,26,50,100
1.3,26,50,100
1.2,26,50,100
1.1,26,50,100
1.2,26,50,100
1.2,26,50,100
1.3,26,50,100
1.2,26,50,100
1.1,26,49,100
1.1,26,49,100
1.3,26,49,100
1.2,26,49,100
1.2,26,49,100
1.2,26,49,100
1.2,26,49,100
1.3,26,49,100
1.3,26,49,100
1.3,26,49,100
1.2,26,49,100
1.2,26,49,100
1.4,26,49,100
1.3,26,50,100
1.2,26,51,100
1.3,26,50,100
1.3,26,51,100
1.2,26,50,100
1.3,26,51,100
1.3,26,51,100
1.3,26,50,100
1.3,26,51,100
1.2,26,51,100
1.3,26,51,100
1.2,26,50,100
1.3,26,50,100
1.3,26,49,100
1.2,26,49,100
1.4,26,49,100
1.4,26,49,100
1.2,26,49,100
1.3,26,49,100
1.4,26,49,100
1.2,26,49,100
1.2,26,49,100
1.4,26,49,100
1.3,26,49,100
1.2,26,49,100
1.0,26,49,100
1.4,26,49,100
1.3,26,49,100
1.2,26,49,100
1.4,26,49,100
1.1,26,49,100
1.3,26,49,100
1.3,26,49,100
1.3,26,49,100
1.3,26,49,100
1.4,26,49,100
1.3,26,50,100
1.3,26,50,100
1.4,26,49,100
1.3,26,49,100
1.3,26,49,100
1.3,26,49,100
1.1,26,49,100
1.2,26,49,100
1.3,26,49,100
1.3,26,48,100
1.4,26,48,100
1.3,26,49,100
1.3,26,48,100
1.2,26,49,100
1.4,26,49,100
1.4,26,49,100
1.3,26,49,100
1.3,26,49,100
1.3,26,50,100
1.5,26,50,100
1.5,26,50,100
1.2,26,50,100
1.2,26,50,100
1.3,26,50,100
1.2,26,50,100
1.2,26,50,100
1.3,26,49,100
1.4,26,49,100
1.5,26,48,100
1.4,26,48,100
1.4,26,48,100
1.4,26,48,100
1.3,26,48,100
1.4,26,48,100
1.3,26,48,100
1.2,26,48,100
0.8,26,48,100
1.5,26,48,100
1.5,26,48,100
1.4,26,48,100
1.4,26,48,100
1.4,26,48,100
1.4,26,48,100
1.2,26,48,100
1.4,26,48,100
1.5,26,48,100
1.4,26,48,100
1.4,26,48,100
1.4,26,48,100
1.5,26,48,100
1.4,26,48,100
1.5,26,48,100
1.4,26,48,100
1.4,26,47,100
1.4,26,48,100
1.4,26,47,100
1.4,26,47,100
1.4,26,47,100
1.3,26,47,100
1.4,26,48,100
1.3,26,48,100
1.4,26,48,100
1.3,26,48,100
1.1,26,48,100
1.4,26,48,100
1.5,26,48,100
1.5,26,48,100
1.4,26,48,100
1.4,26,48,100
1.3,26,48,100
1.4,26,48,100
1.3,26,48,100
1.4,26,48,100
1.3,26,48,100
1.3,26,48,100
1.4,26,48,100
1.4,26,48,100
1.5,26,48,100
1.4,26,48,100
1.4,26,48,100
1.4,26,48,100
1.4,26,48,100
1.4,26,48,100
1.4,26,48,100
1.3,26,48,100
1.4,26,48,100
1.5,26,48,100
1.5,26,48,100
1.4,26,48,100
1.4,25,47,100
1.4,25,47,100
1.4,25,47,100
1.3,25,47,100
1.4,25,47,100
1.3,25,47,100
1.4,25,47,100
1.2,25,47,100
1.3,25,47,100
1.4,25,47,100
1.4,25,47,100
1.5,25,47,100
1.3,25,47,100
1.2,25,47,100
0.9,25,47,100
1.0,25,47,100
0.9,25,47,100
1.0,25,47,100
1.0,25,47,100
0.8,25,47,100
0.9,25,47,100
0.7,25,47,100
2.7,25,47,100
2.4,25,47,100
2.8,25,47,100
2.7,25,47,100
1.0,25,47,100
0.9,25,47,100
0.8,25,47,100
0.9,25,47,100
0.9,25,47,100
0.8,25,47,100
0.8,25,47,100
1.0,25,47,100
1.1,25,47,100
1.2,25,47,100
1.3,25,47,100
1.2,25,47,100
1.2,25,47,100
1.2,25,47,100
1.3,25,47,100
1.3,25,47,100
1.3,25,47,100
1.2,25,47,100
1.3,25,47,100
1.3,25,47,100
1.3,25,47,100
1.3,25,47,100
1.3,25,47,100
1.4,25,47,100
0.7,25,44,100
0.8,25,44,100
1.2,25,44,100
1.2,25,44,100
0.6,25,44,100
0.7,25,44,100
0.7,25,44,100
1.0,25,44,100
1.3,25,45,100
1.1,25,44,100
0.7,25,44,100
0.8,25,44,100
0.7,25,44,100
0.3,25,44,100
0.3,25,44,100
1.3,25,44,100
2.1,25,44,100
1.2,25,44,100
2.5,25,44,100
1.4,25,44,100
1.1,25,44,100
1.9,25,44,3
